Carbon,Hydrogen,Oxygen,Nitrogen,Silicon,density,cluster,source_materials
0.0006595795486335675,0.11063219740574039,0.8708142915930251,0.017893931452600962,0.0,1.0544169089562725,3,"Water, Ice, Soft Tissue, Muscle"
0.533099741853264,0.05752464777995454,0.2891449433397376,0.015086555842325714,0.10514411118471823,1.6035331906728405,0,"PVC, PET, PEEK, PTFE, PVDF, Polycarbonate, PMMA, PDMS, Silicone Rubber, Epoxy, Phenolic Resin, Carbon Fiber Epoxy, Glass Fiber Epoxy, CFRP, GFRP, Bone"
0.6244473122543398,0.056543048181960306,0.21675304651850044,0.07673967810907414,0.025516914936125252,1.274319446802401,2,"Nylon 6, Nylon 6-6, Kevlar, Nomex, Polyimide, TPU"
0.652446197706775,0.05782013822347669,0.1844560104377842,0.10527765363196402,0.0,1.2506779321698447,2,"Nylon 6, Nylon 6-6, Kevlar, Nomex, Polyimide, TPU"
0.667664260939917,0.06451352041823664,0.15985407995269382,0.10796813868915242,0.0,1.3156501072755369,2,"Nylon 6, Nylon 6-6, Kevlar, Nomex, Polyimide, TPU"
0.07090108802653923,0.0,0.4432923527859212,0.0,0.4858065591875396,2.435823372724636,1,"Fiberglass, Silicon, Silicon Carbide, Silica, Glass, Borosilicate Glass, Aluminosilicate Glass"
0.788704305006508,0.09280722406707058,0.06659301396794895,0.03663189542330953,0.015263561535162862,0.9167354603635627,4,"PP, PE, HDPE, LDPE, UHMWPE, PS, Adipose Tissue"
0.723430023149515,0.05452539361653302,0.15352944312272304,0.0,0.06851514011122889,1.4393955768925029,0,"PVC, PET, PEEK, PTFE, PVDF, Polycarbonate, PMMA, PDMS, Silicone Rubber, Epoxy, Phenolic Resin, Carbon Fiber Epoxy, Glass Fiber Epoxy, CFRP, GFRP, Bone"
0.7768536360163657,0.11208876915647938,0.11105759482715488,0.0,0.0,0.9691945852961624,4,"PP, PE, HDPE, LDPE, UHMWPE, PS, Adipose Tissue"
0.6871237318356526,0.0,0.2595801410621306,0.016083522326701332,0.03721260477551555,1.5640477283866068,0,"PVC, PET, PEEK, PTFE, PVDF, Polycarbonate, PMMA, PDMS, Silicone Rubber, Epoxy, Phenolic Resin, Carbon Fiber Epoxy, Glass Fiber Epoxy, CFRP, GFRP, Bone"
0.05135177929358575,0.11269828351763252,0.8359499371887817,0.0,0.0,1.0360351625401953,3,"Water, Ice, Soft Tissue, Muscle"
0.9811259122835766,0.017591287627356813,0.0,0.0012828000890665523,0.0,2.3040022370779885,5,"Carbon Fiber, Graphite, Graphene, Diamond, Carbon Nanotubes"
0.8102605230445307,0.15621644011834146,0.025109781061941547,0.00841325577518637,0.0,0.9678068032258144,4,"PP, PE, HDPE, LDPE, UHMWPE, PS, Adipose Tissue"
0.5870557431553446,0.033083629483527166,0.24228984704026604,0.024422921358025224,0.113147858962837,1.840676293805007,0,"PVC, PET, PEEK, PTFE, PVDF, Polycarbonate, PMMA, PDMS, Silicone Rubber, Epoxy, Phenolic Resin, Carbon Fiber Epoxy, Glass Fiber Epoxy, CFRP, GFRP, Bone"
0.08997395920451826,0.10634182898948594,0.7977010851002045,0.0059831267057912805,0.0,0.9176875405246181,3,"Water, Ice, Soft Tissue, Muscle"
0.8243989613705405,0.1558826709266808,0.0,0.0016112840688632523,0.01810708363391529,0.8981138968762455,4,"PP, PE, HDPE, LDPE, UHMWPE, PS, Adipose Tissue"
0.060085882723653054,0.1347097751972016,0.786770053587567,0.012124591497054561,0.006309696994523975,1.0066555678200722,3,"Water, Ice, Soft Tissue, Muscle"
0.9762325039223047,0.010712642551266317,0.013054853526429088,0.0,0.0,1.9314808877055833,5,"Carbon Fiber, Graphite, Graphene, Diamond, Carbon Nanotubes"
0.6507372607900856,0.0759269371564045,0.18264386299800225,0.09069193905550768,0.0,1.3992120065570064,2,"Nylon 6, Nylon 6-6, Kevlar, Nomex, Polyimide, TPU"
0.9838851708132422,0.01123424416654942,0.004880585020208306,0.0,0.0,1.921646702330515,5,"Carbon Fiber, Graphite, Graphene, Diamond, Carbon Nanotubes"
0.0,0.010371011252260557,0.28661077328353307,0.0,0.7030182154642063,2.556340500219865,1,"Fiberglass, Silicon, Silicon Carbide, Silica, Glass, Borosilicate Glass, Aluminosilicate Glass"
0.6555819713349027,0.05333101678142393,0.1543507808178145,0.12287937785903853,0.013856853206820374,1.2586253693554639,2,"Nylon 6, Nylon 6-6, Kevlar, Nomex, Polyimide, TPU"
0.7802030621176145,0.1476989049066739,0.04079792025715477,0.018631510202653474,0.012668602515903151,1.0056518953339932,4,"PP, PE, HDPE, LDPE, UHMWPE, PS, Adipose Tissue"
0.8370687004494034,0.10044312812056744,0.049067632059510286,0.0,0.013420539370519003,0.9328849000426599,4,"PP, PE, HDPE, LDPE, UHMWPE, PS, Adipose Tissue"
0.008190177079755237,0.12581297910019448,0.8481212473830365,0.017875596437013728,0.0,1.0256498866566097,3,"Water, Ice, Soft Tissue, Muscle"
0.6480140724453393,0.060710595126490886,0.20246049773184263,0.07967443006082106,0.009140404635506248,1.3013171535045036,2,"Nylon 6, Nylon 6-6, Kevlar, Nomex, Polyimide, TPU"
0.5893176998557833,0.041174102701480336,0.19271694708573817,0.16028925341602723,0.016501996940971184,1.2532024068061525,2,"Nylon 6, Nylon 6-6, Kevlar, Nomex, Polyimide, TPU"
0.810960673454117,0.12376446365909306,0.022374717195654276,0.0,0.04290014569113567,0.9200082607167095,4,"PP, PE, HDPE, LDPE, UHMWPE, PS, Adipose Tissue"
0.10221798862846258,0.09618273797064164,0.7528545749313846,0.040683686050346585,0.008061012419164716,1.051320009847578,3,"Water, Ice, Soft Tissue, Muscle"
0.8520203183805669,0.08850488788388032,0.059474793735552776,0.0,0.0,0.9211353579636976,4,"PP, PE, HDPE, LDPE, UHMWPE, PS, Adipose Tissue"
0.5882856354423104,0.059603401385099765,0.20582189887854163,0.1258558519249203,0.02043321236912794,1.4578960950658135,2,"Nylon 6, Nylon 6-6, Kevlar, Nomex, Polyimide, TPU"
0.5880915064814463,0.052415459623663334,0.2704998838058404,0.0,0.08899315008905012,1.5367727845177472,0,"PVC, PET, PEEK, PTFE, PVDF, Polycarbonate, PMMA, PDMS, Silicone Rubber, Epoxy, Phenolic Resin, Carbon Fiber Epoxy, Glass Fiber Epoxy, CFRP, GFRP, Bone"
0.06870605104320965,0.09063967503423519,0.8352043634597646,0.0,0.0054499104627905295,1.0553236568867115,3,"Water, Ice, Soft Tissue, Muscle"
0.05221790377586525,0.10575180080533748,0.8346059559454599,0.0074243394733372065,0.0,0.901992681898274,3,"Water, Ice, Soft Tissue, Muscle"
0.7939714509178326,0.14006685501119906,0.06407262367059491,0.0018890704003732255,0.0,0.9349470249644621,4,"PP, PE, HDPE, LDPE, UHMWPE, PS, Adipose Tissue"
0.021727172020295237,0.027523279327900878,0.4856851471037673,0.0,0.46506440154803663,2.5056126591214145,1,"Fiberglass, Silicon, Silicon Carbide, Silica, Glass, Borosilicate Glass, Aluminosilicate Glass"
0.952816598945318,0.0,0.0379262768698993,0.009257124184782776,0.0,2.4297032126881843,5,"Carbon Fiber, Graphite, Graphene, Diamond, Carbon Nanotubes"
0.023947178377434673,0.0,0.4944291618941368,0.03354032147964458,0.4480833382487839,2.538642691431099,1,"Fiberglass, Silicon, Silicon Carbide, Silica, Glass, Borosilicate Glass, Aluminosilicate Glass"
0.7866128090853016,0.15073384627324576,0.06265334464145256,0.0,0.0,1.0088432058436876,4,"PP, PE, HDPE, LDPE, UHMWPE, PS, Adipose Tissue"
0.7387522594583456,0.13887416077607814,0.08309819344587162,0.03349052432754951,0.0057848619921548996,0.9081500203056644,4,"PP, PE, HDPE, LDPE, UHMWPE, PS, Adipose Tissue"
0.6335510635165268,0.07911211392634154,0.15412260847833711,0.1285286098976846,0.0046856041811100015,1.1713842525207918,2,"Nylon 6, Nylon 6-6, Kevlar, Nomex, Polyimide, TPU"
0.056432552013768324,0.10849422686950971,0.8067845959063477,0.028288625210374414,0.0,0.9955414667766764,3,"Water, Ice, Soft Tissue, Muscle"
0.6864333070805205,0.15322432007978848,0.12280003322269338,0.01732849157004851,0.020213848046948993,0.9656809325072185,4,"PP, PE, HDPE, LDPE, UHMWPE, PS, Adipose Tissue"
0.06613063954369049,0.024884916532324854,0.3747335678284516,0.0,0.5342508760955331,2.7205232213364403,1,"Fiberglass, Silicon, Silicon Carbide, Silica, Glass, Borosilicate Glass, Aluminosilicate Glass"
0.814240525154997,0.14919301940968896,0.0,0.02082130408802918,0.015745151347284787,0.9365537327447505,4,"PP, PE, HDPE, LDPE, UHMWPE, PS, Adipose Tissue"
0.9769619442156176,0.0,0.0,0.023038055784382318,0.0,2.5697958041428386,5,"Carbon Fiber, Graphite, Graphene, Diamond, Carbon Nanotubes"
0.9815374153545151,0.0002676935245048801,0.018194891120980047,0.0,0.0,1.5154346370712106,5,"Carbon Fiber, Graphite, Graphene, Diamond, Carbon Nanotubes"
0.8445488466002686,0.11863685987701542,0.02263494691768605,0.0,0.014179346605029876,0.9215026311900875,4,"PP, PE, HDPE, LDPE, UHMWPE, PS, Adipose Tissue"
0.8288209106949781,0.12856579398806914,0.02218646728769001,0.01069083794463372,0.009735990084629068,0.9857773444248628,4,"PP, PE, HDPE, LDPE, UHMWPE, PS, Adipose Tissue"
0.6299415241731537,0.06437828321896297,0.22455409743703117,0.07967774183464615,0.0014483533362061162,1.2874444863165604,2,"Nylon 6, Nylon 6-6, Kevlar, Nomex, Polyimide, TPU"
0.011150339362972462,0.12657296060317305,0.8554579628921706,0.0051006275769610015,0.0017181095647229108,0.9293139025556875,3,"Water, Ice, Soft Tissue, Muscle"
0.7368494146740234,0.11817900848257085,0.11040115635157843,0.003030086017227006,0.03154033447460034,0.9793521296496486,4,"PP, PE, HDPE, LDPE, UHMWPE, PS, Adipose Tissue"
0.8411950684951086,0.12516509517759447,0.0,0.020987179671103938,0.012652656656193209,0.9157979510606858,4,"PP, PE, HDPE, LDPE, UHMWPE, PS, Adipose Tissue"
0.5968874174565281,0.048489502864540866,0.22380482442468122,0.11130144599816645,0.019516809256083158,1.4600566230824044,2,"Nylon 6, Nylon 6-6, Kevlar, Nomex, Polyimide, TPU"
0.031580133095789754,0.08072266848211662,0.8869829173742891,0.0,0.0007142810478044144,1.0050187588426154,3,"Water, Ice, Soft Tissue, Muscle"
0.02858752668637773,0.11919935156024065,0.8361632402465052,0.0,0.01604988150687629,1.0002148729813698,3,"Water, Ice, Soft Tissue, Muscle"
0.08302714611052274,0.1163827966843733,0.7203458817237981,0.04184623378289459,0.03839794169841143,0.9627592981971055,3,"Water, Ice, Soft Tissue, Muscle"
0.8667599318525652,0.11000898701955719,0.023231081127877546,0.0,0.0,1.0308797235338152,4,"PP, PE, HDPE, LDPE, UHMWPE, PS, Adipose Tissue"
0.0,0.0,0.47032853743612674,0.031635775765778966,0.49803568679809446,2.421455501337595,1,"Fiberglass, Silicon, Silicon Carbide, Silica, Glass, Borosilicate Glass, Aluminosilicate Glass"
0.6354200368476521,0.056623114027018036,0.15445486776577372,0.14140071471897134,0.012101266640584836,1.2254403617422347,2,"Nylon 6, Nylon 6-6, Kevlar, Nomex, Polyimide, TPU"
0.6685806208698721,0.04833941796354311,0.23152812502006406,0.023525174656679502,0.02802666148984127,1.6417640125289465,0,"PVC, PET, PEEK, PTFE, PVDF, Polycarbonate, PMMA, PDMS, Silicone Rubber, Epoxy, Phenolic Resin, Carbon Fiber Epoxy, Glass Fiber Epoxy, CFRP, GFRP, Bone"
0.8130657038381858,0.10748273357832007,0.07324701772346232,0.0,0.0062045448600318515,0.8718260494856528,4,"PP, PE, HDPE, LDPE, UHMWPE, PS, Adipose Tissue"
0.0921845053520276,0.0,0.32673843013446424,0.0,0.5810770645135082,2.7765508074869545,1,"Fiberglass, Silicon, Silicon Carbide, Silica, Glass, Borosilicate Glass, Aluminosilicate Glass"
0.0,0.014457239271042028,0.5173055000657254,0.0,0.4682372606632326,2.241160393929732,1,"Fiberglass, Silicon, Silicon Carbide, Silica, Glass, Borosilicate Glass, Aluminosilicate Glass"
0.647188528348655,0.03764086232026557,0.240446265561629,0.0,0.07472434376945035,1.2919325466676905,0,"PVC, PET, PEEK, PTFE, PVDF, Polycarbonate, PMMA, PDMS, Silicone Rubber, Epoxy, Phenolic Resin, Carbon Fiber Epoxy, Glass Fiber Epoxy, CFRP, GFRP, Bone"
0.7856492137019089,0.15205658635381059,0.05909597878853508,0.00319822115574549,0.0,0.9151573577104265,4,"PP, PE, HDPE, LDPE, UHMWPE, PS, Adipose Tissue"
0.8204160417290886,0.12750074544562157,0.05208321282528987,0.0,0.0,0.90997381458151,4,"PP, PE, HDPE, LDPE, UHMWPE, PS, Adipose Tissue"
0.8270399696084013,0.1448982280522635,0.017126296832253116,0.0,0.010935505507082112,0.9491487878680288,4,"PP, PE, HDPE, LDPE, UHMWPE, PS, Adipose Tissue"
0.8229930796283854,0.13740554125075324,0.0013297005900424499,0.017685775056630635,0.02058590347418826,0.9018931450160653,4,"PP, PE, HDPE, LDPE, UHMWPE, PS, Adipose Tissue"
0.752012743064811,0.15599156935195438,0.09130492492644261,0.0006907626567918574,0.0,0.959745280167076,4,"PP, PE, HDPE, LDPE, UHMWPE, PS, Adipose Tissue"
0.634584945082544,0.02420810218221818,0.19525599340215638,0.11375005359989085,0.03220090573319049,1.3563504572422214,2,"Nylon 6, Nylon 6-6, Kevlar, Nomex, Polyimide, TPU"
0.049453656707385,0.0,0.4464657567644817,0.0,0.5040805865281331,2.4828770813210546,1,"Fiberglass, Silicon, Silicon Carbide, Silica, Glass, Borosilicate Glass, Aluminosilicate Glass"
0.0743536528231344,0.09799409007027057,0.8273213939358384,0.00033086317075650733,0.0,0.970388186389313,3,"Water, Ice, Soft Tissue, Muscle"
0.8153354131778242,0.043496944880733225,0.10554601001163298,0.0,0.03562163192980959,1.3548906711355746,0,"PVC, PET, PEEK, PTFE, PVDF, Polycarbonate, PMMA, PDMS, Silicone Rubber, Epoxy, Phenolic Resin, Carbon Fiber Epoxy, Glass Fiber Epoxy, CFRP, GFRP, Bone"
0.034849964593755146,0.09548757767172368,0.8379628859515816,0.010868212765449312,0.020831359017490208,0.9630370121661458,3,"Water, Ice, Soft Tissue, Muscle"
0.8314103979929547,0.15981379829960252,0.008775803707442787,0.0,0.0,1.0493888657308577,4,"PP, PE, HDPE, LDPE, UHMWPE, PS, Adipose Tissue"
0.6741925973619167,0.02367678341312805,0.17047656614683437,0.13165405307812095,0.0,1.1335320409821874,2,"Nylon 6, Nylon 6-6, Kevlar, Nomex, Polyimide, TPU"
0.7297295892251106,0.15931278484064879,0.08233466160702371,0.0020380319412388248,0.02658493238597807,0.9917189353020153,4,"PP, PE, HDPE, LDPE, UHMWPE, PS, Adipose Tissue"
0.7350381258387267,0.06512457053081673,0.12321841114266534,0.015362453017792143,0.061256439469998994,1.5123131453933123,0,"PVC, PET, PEEK, PTFE, PVDF, Polycarbonate, PMMA, PDMS, Silicone Rubber, Epoxy, Phenolic Resin, Carbon Fiber Epoxy, Glass Fiber Epoxy, CFRP, GFRP, Bone"
0.6522815844746798,0.04186791366210804,0.20516357264597945,0.10068692921723289,0.0,1.1788824879448405,2,"Nylon 6, Nylon 6-6, Kevlar, Nomex, Polyimide, TPU"
0.01550228934995657,0.0,0.4469080550370824,0.0,0.537589655612961,2.268965505746934,1,"Fiberglass, Silicon, Silicon Carbide, Silica, Glass, Borosilicate Glass, Aluminosilicate Glass"
0.6742092505668045,0.060187315433259565,0.22859327582809474,0.031774967815525225,0.005235190356316115,1.5387923541152058,0,"PVC, PET, PEEK, PTFE, PVDF, Polycarbonate, PMMA, PDMS, Silicone Rubber, Epoxy, Phenolic Resin, Carbon Fiber Epoxy, Glass Fiber Epoxy, CFRP, GFRP, Bone"
0.6397559755232091,0.068005872627061,0.1613925165281118,0.13084563532161816,0.0,1.134391526995032,2,"Nylon 6, Nylon 6-6, Kevlar, Nomex, Polyimide, TPU"
0.7730268734732417,0.13201895940742234,0.0949541671193358,0.0,0.0,0.9872111160437405,4,"PP, PE, HDPE, LDPE, UHMWPE, PS, Adipose Tissue"
0.8884200355133502,0.08224687858626376,0.0021019600233450203,0.004309607929899163,0.022921517947141798,1.052980058679144,4,"PP, PE, HDPE, LDPE, UHMWPE, PS, Adipose Tissue"
0.8714870869200253,0.11320541811058166,0.01530749496939319,0.0,0.0,0.9415787554650413,4,"PP, PE, HDPE, LDPE, UHMWPE, PS, Adipose Tissue"
0.8114755903454645,0.1348553844468295,0.05366902520770597,0.0,0.0,0.931987642873394,4,"PP, PE, HDPE, LDPE, UHMWPE, PS, Adipose Tissue"
0.06955652545556285,0.0,0.38513577170515423,0.006755073369480378,0.5385526294698026,2.6681262378637847,1,"Fiberglass, Silicon, Silicon Carbide, Silica, Glass, Borosilicate Glass, Aluminosilicate Glass"
0.9685637584216693,0.03030288387292755,0.0011333577054031914,0.0,0.0,2.371036245717694,5,"Carbon Fiber, Graphite, Graphene, Diamond, Carbon Nanotubes"
0.03268266179040971,0.12286830719344172,0.8444490310161485,0.0,0.0,0.9516564411027071,3,"Water, Ice, Soft Tissue, Muscle"
0.9456432764070166,0.03160375352223024,0.0,0.02034315352006396,0.0024098165506892346,2.2239471867118836,5,"Carbon Fiber, Graphite, Graphene, Diamond, Carbon Nanotubes"
0.7821523006786752,0.10758883401170127,0.06892627882478035,0.006794459547427959,0.034538126937414974,0.9665007695857171,4,"PP, PE, HDPE, LDPE, UHMWPE, PS, Adipose Tissue"
0.9856856564958416,0.004669269697169658,0.009645073806988888,0.0,0.0,1.8437130614327937,5,"Carbon Fiber, Graphite, Graphene, Diamond, Carbon Nanotubes"
0.06525358064457125,0.09911930500004552,0.8356271143553832,0.0,0.0,0.9080675362750925,3,"Water, Ice, Soft Tissue, Muscle"
0.044136752267357776,0.013248735913385965,0.4339638682203857,0.007809764249770758,0.5008408793490998,2.4888306530188897,1,"Fiberglass, Silicon, Silicon Carbide, Silica, Glass, Borosilicate Glass, Aluminosilicate Glass"
0.8199995780728854,0.10297186000582832,0.04698956008911948,0.03003900183216689,0.0,0.9541714983636451,4,"PP, PE, HDPE, LDPE, UHMWPE, PS, Adipose Tissue"
0.9908818761169772,0.0073491800867206795,0.0,0.0,0.0017689437963020129,2.2692618554813873,5,"Carbon Fiber, Graphite, Graphene, Diamond, Carbon Nanotubes"
0.9350250754028215,0.0055343100641282155,0.04821638848107727,0.007573848518965504,0.003650377533007483,2.2611295627357983,5,"Carbon Fiber, Graphite, Graphene, Diamond, Carbon Nanotubes"
0.026000074238488154,0.10782075823793974,0.859037079787424,0.0071420877361480185,0.0,0.9259841664970125,3,"Water, Ice, Soft Tissue, Muscle"
0.6124552197251276,0.07038200244846504,0.19072228327600646,0.1264404945504009,0.0,1.2986677976909387,2,"Nylon 6, Nylon 6-6, Kevlar, Nomex, Polyimide, TPU"
0.038521926521038606,0.13659655536899407,0.8042603191183942,0.02062119899157306,0.0,1.057356665298318,3,"Water, Ice, Soft Tissue, Muscle"
0.8529792224713776,0.07607727921368525,0.05337413587996647,0.008698450496878236,0.008870911938092356,0.955763068997327,4,"PP, PE, HDPE, LDPE, UHMWPE, PS, Adipose Tissue"
0.0642716740793634,0.13160085223454202,0.7783203758966639,0.015253546804547257,0.010553550984883345,0.9387563736427103,3,"Water, Ice, Soft Tissue, Muscle"
0.0565519813500183,0.0,0.3233023482053913,0.00865855007138663,0.6114871203732037,2.562063346332661,1,"Fiberglass, Silicon, Silicon Carbide, Silica, Glass, Borosilicate Glass, Aluminosilicate Glass"
0.05171521126047691,0.12725312769511332,0.7922551077466224,0.02316405039781421,0.00561250289997307,1.0325485921268196,3,"Water, Ice, Soft Tissue, Muscle"
0.0575477592602552,0.12628512091407304,0.778183138375248,0.0,0.03798398145042379,1.0856375886945004,3,"Water, Ice, Soft Tissue, Muscle"
0.7986837135890157,0.12486853443266159,0.05965186293486451,0.01679588904345822,0.0,0.9068844679161467,4,"PP, PE, HDPE, LDPE, UHMWPE, PS, Adipose Tissue"
0.05156395943303239,0.0,0.4279446621536565,0.0,0.5204913784133112,2.6078722617526178,1,"Fiberglass, Silicon, Silicon Carbide, Silica, Glass, Borosilicate Glass, Aluminosilicate Glass"
0.0768226032872019,0.11187464215440764,0.8113027545583904,0.0,0.0,1.0150193236321905,3,"Water, Ice, Soft Tissue, Muscle"
0.9235657288719438,0.021276353538306463,0.016436131802882073,0.03872178578686765,0.0,2.026510992544475,5,"Carbon Fiber, Graphite, Graphene, Diamond, Carbon Nanotubes"
0.6495894769204293,0.08270676936826225,0.15478085275098896,0.10348806411802597,0.009434836842293494,1.1316527542385666,2,"Nylon 6, Nylon 6-6, Kevlar, Nomex, Polyimide, TPU"
0.9496619660310782,0.0,0.031686636345804764,0.018651397623117006,0.0,2.1271055582012823,5,"Carbon Fiber, Graphite, Graphene, Diamond, Carbon Nanotubes"
0.0877767678397738,0.12163240396264503,0.7384507637053106,0.012093583373944599,0.040046481118326,0.9749774780544246,3,"Water, Ice, Soft Tissue, Muscle"
0.6542465072015538,0.07693859998414355,0.14328102020903527,0.12004233896141621,0.005491533643851309,1.1267399938480802,2,"Nylon 6, Nylon 6-6, Kevlar, Nomex, Polyimide, TPU"
0.8472825502956058,0.13423974833248378,0.013769626346695697,0.0006519889056993609,0.004056086119515446,0.9200043233205477,4,"PP, PE, HDPE, LDPE, UHMWPE, PS, Adipose Tissue"
0.07281290290840636,0.1124679695052495,0.8147191275863441,0.0,0.0,1.026252441827573,3,"Water, Ice, Soft Tissue, Muscle"
0.017035024171380187,0.12831286267483388,0.8313758560192803,0.013060827530569174,0.010215429603936456,1.0251494854169279,3,"Water, Ice, Soft Tissue, Muscle"
0.9983325560118469,0.00166744398815322,0.0,0.0,0.0,2.3961417261471665,5,"Carbon Fiber, Graphite, Graphene, Diamond, Carbon Nanotubes"
0.07232815679800927,0.1131400002388318,0.7758353728588235,0.038696470104335474,0.0,1.0066311175778913,3,"Water, Ice, Soft Tissue, Muscle"
0.0,0.13140658296846644,0.8312646032589966,0.02398490886094129,0.013343904911595546,1.0051470421365232,3,"Water, Ice, Soft Tissue, Muscle"
0.8074961325427031,0.15380802161583015,0.0,0.03869584584146681,0.0,0.956207668290212,4,"PP, PE, HDPE, LDPE, UHMWPE, PS, Adipose Tissue"
0.8420572436660312,0.15580581987404785,0.0,0.0021369364599209285,0.0,0.95757596795201,4,"PP, PE, HDPE, LDPE, UHMWPE, PS, Adipose Tissue"
0.052864999540962895,0.00474755315415177,0.38192804726273316,0.0,0.5604594000421521,2.9653601217394208,1,"Fiberglass, Silicon, Silicon Carbide, Silica, Glass, Borosilicate Glass, Aluminosilicate Glass"
0.667274084712911,0.06244555204255116,0.16112593870084885,0.0,0.10915442454368904,1.5369818026473756,0,"PVC, PET, PEEK, PTFE, PVDF, Polycarbonate, PMMA, PDMS, Silicone Rubber, Epoxy, Phenolic Resin, Carbon Fiber Epoxy, Glass Fiber Epoxy, CFRP, GFRP, Bone"
0.6259921415886984,0.04219039403298089,0.20628309817319768,0.12553436620512307,0.0,1.3058096314168477,2,"Nylon 6, Nylon 6-6, Kevlar, Nomex, Polyimide, TPU"
0.03058156759970973,0.0032180733061053916,0.4842122683485036,0.02340078476065339,0.4585873059850278,2.4977009218836046,1,"Fiberglass, Silicon, Silicon Carbide, Silica, Glass, Borosilicate Glass, Aluminosilicate Glass"
0.6455388158091776,0.09988071312935388,0.1575460253325649,0.09703444572890357,0.0,1.204662077860261,2,"Nylon 6, Nylon 6-6, Kevlar, Nomex, Polyimide, TPU"
0.6783490858654299,0.07028945955308938,0.21308824255288603,0.0,0.03827321202859472,1.5528427250027894,0,"PVC, PET, PEEK, PTFE, PVDF, Polycarbonate, PMMA, PDMS, Silicone Rubber, Epoxy, Phenolic Resin, Carbon Fiber Epoxy, Glass Fiber Epoxy, CFRP, GFRP, Bone"
0.9865415736842105,0.013458426315789558,0.0,0.0,0.0,2.338901846046065,5,"Carbon Fiber, Graphite, Graphene, Diamond, Carbon Nanotubes"
0.941593324665661,0.026736438378968736,0.031670236955370044,0.0,0.0,2.2118740109522435,5,"Carbon Fiber, Graphite, Graphene, Diamond, Carbon Nanotubes"
1.0,0.0,0.0,0.0,0.0,1.9706613170331397,5,"Carbon Fiber, Graphite, Graphene, Diamond, Carbon Nanotubes"
0.018242282868233425,0.0,0.47544197377182684,0.004626237979974933,0.5016895053799646,2.4719832220683977,1,"Fiberglass, Silicon, Silicon Carbide, Silica, Glass, Borosilicate Glass, Aluminosilicate Glass"
0.8420132153072309,0.1075007152362735,0.0,0.011292189964018089,0.03919387949247758,0.9495603482530695,4,"PP, PE, HDPE, LDPE, UHMWPE, PS, Adipose Tissue"
0.9084182846324259,0.006940614031124293,0.032517316719220445,0.020751516954933505,0.03137226766229579,2.6288567610784046,5,"Carbon Fiber, Graphite, Graphene, Diamond, Carbon Nanotubes"
0.05191834437474967,0.10752455418464887,0.8405571014406015,0.0,0.0,0.9538482949002095,3,"Water, Ice, Soft Tissue, Muscle"
0.9380569626724156,0.013442816861892356,0.014349697386438345,0.014721306128789033,0.019429216950464807,2.1051484049904454,5,"Carbon Fiber, Graphite, Graphene, Diamond, Carbon Nanotubes"
0.5907472596733103,0.0781827436149894,0.1632896929830856,0.16063619367592413,0.007144110052690685,1.2479948927372337,2,"Nylon 6, Nylon 6-6, Kevlar, Nomex, Polyimide, TPU"
0.9543115928625107,0.009187709642752426,0.008209892142267396,0.023671837006148038,0.004618968346321304,2.04311156775448,5,"Carbon Fiber, Graphite, Graphene, Diamond, Carbon Nanotubes"
0.83621636364847,0.1386210754546838,0.02516256089684628,0.0,0.0,0.9603042865879892,4,"PP, PE, HDPE, LDPE, UHMWPE, PS, Adipose Tissue"
0.9649073436391189,0.0,0.021940417048137664,0.0,0.013152239312743475,2.3630359036674937,5,"Carbon Fiber, Graphite, Graphene, Diamond, Carbon Nanotubes"
0.040818011687184214,0.025403131924496287,0.30794789145981305,0.03935256617488349,0.5864783987536231,2.654544121667208,1,"Fiberglass, Silicon, Silicon Carbide, Silica, Glass, Borosilicate Glass, Aluminosilicate Glass"
0.9681789681301513,0.016630006878310007,0.0020303203670607958,0.008379315303592627,0.004781389320885381,2.6024712283453715,5,"Carbon Fiber, Graphite, Graphene, Diamond, Carbon Nanotubes"
0.6150882351996798,0.0806158408456603,0.198886503653787,0.0939994578450839,0.011409962455788947,1.2358234495620553,2,"Nylon 6, Nylon 6-6, Kevlar, Nomex, Polyimide, TPU"
0.8115699976653756,0.12157862396400591,0.05278397501747033,0.0,0.014067403353147937,0.904425464184811,4,"PP, PE, HDPE, LDPE, UHMWPE, PS, Adipose Tissue"
0.011248953514618104,0.0,0.38870710287405164,0.0,0.6000439436113302,2.4526322849211764,1,"Fiberglass, Silicon, Silicon Carbide, Silica, Glass, Borosilicate Glass, Aluminosilicate Glass"
0.6114360153320395,0.0607601451302956,0.2650411230212455,0.0,0.06276271651641947,1.5654766708309658,0,"PVC, PET, PEEK, PTFE, PVDF, Polycarbonate, PMMA, PDMS, Silicone Rubber, Epoxy, Phenolic Resin, Carbon Fiber Epoxy, Glass Fiber Epoxy, CFRP, GFRP, Bone"
0.7165215705434831,0.03372676219321001,0.21090834939319444,0.0,0.03884331787011248,1.5311926681686368,0,"PVC, PET, PEEK, PTFE, PVDF, Polycarbonate, PMMA, PDMS, Silicone Rubber, Epoxy, Phenolic Resin, Carbon Fiber Epoxy, Glass Fiber Epoxy, CFRP, GFRP, Bone"
0.7443420637505144,0.039178854845484536,0.17368044087255297,0.0,0.042798640531448016,1.519679482806573,0,"PVC, PET, PEEK, PTFE, PVDF, Polycarbonate, PMMA, PDMS, Silicone Rubber, Epoxy, Phenolic Resin, Carbon Fiber Epoxy, Glass Fiber Epoxy, CFRP, GFRP, Bone"
0.6285593075775047,0.050855740225704466,0.1975803405150983,0.0,0.12300461168169254,1.3998579489360072,0,"PVC, PET, PEEK, PTFE, PVDF, Polycarbonate, PMMA, PDMS, Silicone Rubber, Epoxy, Phenolic Resin, Carbon Fiber Epoxy, Glass Fiber Epoxy, CFRP, GFRP, Bone"
0.7652248971877899,0.12317958745146458,0.08084409798034918,0.030751417380396488,0.0,0.9636677732596762,4,"PP, PE, HDPE, LDPE, UHMWPE, PS, Adipose Tissue"
0.6086036131641217,0.042295023479764195,0.1994632031846394,0.1484686480609495,0.0011695121105250773,1.3573457159890085,2,"Nylon 6, Nylon 6-6, Kevlar, Nomex, Polyimide, TPU"
0.9075947355841884,0.01695866393452987,0.05298477213147753,0.02178112509258497,0.0006807032572192172,1.9154398352724147,5,"Carbon Fiber, Graphite, Graphene, Diamond, Carbon Nanotubes"
0.07883353273898233,0.11873253269313966,0.8024339345678779,0.0,0.0,0.9857861220161175,3,"Water, Ice, Soft Tissue, Muscle"
0.01778386983956937,0.006855731486629461,0.2825065248498019,0.0,0.6928538738239993,2.6526428786073324,1,"Fiberglass, Silicon, Silicon Carbide, Silica, Glass, Borosilicate Glass, Aluminosilicate Glass"
0.6424654112077868,0.08289189615829137,0.20018107573351132,0.031112374691159562,0.043349242209250925,1.260562701007104,0,"PVC, PET, PEEK, PTFE, PVDF, Polycarbonate, PMMA, PDMS, Silicone Rubber, Epoxy, Phenolic Resin, Carbon Fiber Epoxy, Glass Fiber Epoxy, CFRP, GFRP, Bone"
0.8263198021993551,0.11225851925555458,0.050276360776224084,0.0,0.011145317768866209,0.8341846221281372,4,"PP, PE, HDPE, LDPE, UHMWPE, PS, Adipose Tissue"
0.1016911666766534,0.09165380547495933,0.7721679916995838,0.02437546795942371,0.010111568189379718,0.9480257133160773,3,"Water, Ice, Soft Tissue, Muscle"
0.8235672629766384,0.14413708441029321,0.013043163555621585,0.016514074353399306,0.0027384147040474967,1.0364587320518783,4,"PP, PE, HDPE, LDPE, UHMWPE, PS, Adipose Tissue"
0.1835787179642589,0.0,0.1860597356135398,0.0,0.6303615464222014,2.907189048772329,1,"Fiberglass, Silicon, Silicon Carbide, Silica, Glass, Borosilicate Glass, Aluminosilicate Glass"
0.6261293850140822,0.038178850416862094,0.2098494825719021,0.11632347599117422,0.00951880600597925,1.381196650904923,2,"Nylon 6, Nylon 6-6, Kevlar, Nomex, Polyimide, TPU"
0.8276718958381483,0.15332064268666465,0.005228016356793447,0.0,0.01377944511839357,1.0825295406895328,4,"PP, PE, HDPE, LDPE, UHMWPE, PS, Adipose Tissue"
0.05154911998915019,0.1341400670800578,0.8047468331862162,0.009563979744575863,0.0,0.9957163163765238,3,"Water, Ice, Soft Tissue, Muscle"
0.5826541602756317,0.08313195297588877,0.1753686084287561,0.02265177289580248,0.1361935054239209,1.341468919571226,0,"PVC, PET, PEEK, PTFE, PVDF, Polycarbonate, PMMA, PDMS, Silicone Rubber, Epoxy, Phenolic Resin, Carbon Fiber Epoxy, Glass Fiber Epoxy, CFRP, GFRP, Bone"
0.07061201073107219,0.10197572665871864,0.7817374132043975,0.02886769261390068,0.01680715679191095,1.0399364666663296,3,"Water, Ice, Soft Tissue, Muscle"
0.06424151749917317,0.11823295363830581,0.8113446867175222,0.00618084214499871,0.0,0.9865941808795261,3,"Water, Ice, Soft Tissue, Muscle"
0.8393830814374532,0.14070444746796765,0.0,0.019912471094579234,0.0,0.9811993048607063,4,"PP, PE, HDPE, LDPE, UHMWPE, PS, Adipose Tissue"
0.5990514096076829,0.12334117738708376,0.16169964334235273,0.106801253923402,0.009106515739478691,1.1580639677667937,2,"Nylon 6, Nylon 6-6, Kevlar, Nomex, Polyimide, TPU"
0.019286302300754062,0.019904031266178835,0.34216747069111314,0.03100571678775708,0.5876364789541967,2.584534172749163,1,"Fiberglass, Silicon, Silicon Carbide, Silica, Glass, Borosilicate Glass, Aluminosilicate Glass"
0.9764671878450819,0.004067895299888747,0.0,0.0,0.019464916855029258,2.324150770016206,5,"Carbon Fiber, Graphite, Graphene, Diamond, Carbon Nanotubes"
0.6338957390016418,0.07928254811238464,0.18266417027169085,0.10415754261428277,0.0,1.2497065498072093,2,"Nylon 6, Nylon 6-6, Kevlar, Nomex, Polyimide, TPU"
0.6264788127251579,0.07178754366035626,0.18388138502343215,0.11785225859105364,0.0,1.28630243659639,2,"Nylon 6, Nylon 6-6, Kevlar, Nomex, Polyimide, TPU"
0.0775050570680709,0.021296143889208457,0.4270824082504703,0.014357976675824334,0.459758414116426,2.525227753109606,1,"Fiberglass, Silicon, Silicon Carbide, Silica, Glass, Borosilicate Glass, Aluminosilicate Glass"
0.6711007810607355,0.09330704208713202,0.20938760913310853,0.0009317559716607013,0.025272811747363424,1.4169698501588006,0,"PVC, PET, PEEK, PTFE, PVDF, Polycarbonate, PMMA, PDMS, Silicone Rubber, Epoxy, Phenolic Resin, Carbon Fiber Epoxy, Glass Fiber Epoxy, CFRP, GFRP, Bone"
0.013711323940508358,0.0,0.39499822951647484,0.03829884571014992,0.5529916008328669,2.474286219510592,1,"Fiberglass, Silicon, Silicon Carbide, Silica, Glass, Borosilicate Glass, Aluminosilicate Glass"
0.019365159228109857,0.0,0.2504047483989446,0.0,0.7302300923729454,2.356055668213553,1,"Fiberglass, Silicon, Silicon Carbide, Silica, Glass, Borosilicate Glass, Aluminosilicate Glass"
0.004972134466316549,0.0,0.39513583507190253,0.0,0.599892030461781,2.4167581780268454,1,"Fiberglass, Silicon, Silicon Carbide, Silica, Glass, Borosilicate Glass, Aluminosilicate Glass"
0.008307012586630821,0.00037288790676513436,0.4605864494507375,0.04172981246278509,0.4890038375930813,2.329309152009045,1,"Fiberglass, Silicon, Silicon Carbide, Silica, Glass, Borosilicate Glass, Aluminosilicate Glass"
0.9847087904636257,0.014464976264394384,0.0008262332719799687,0.0,0.0,2.1862511859767535,5,"Carbon Fiber, Graphite, Graphene, Diamond, Carbon Nanotubes"
0.04362706509969969,0.0,0.40163061895149144,0.0,0.5547423159488087,2.6700944735174925,1,"Fiberglass, Silicon, Silicon Carbide, Silica, Glass, Borosilicate Glass, Aluminosilicate Glass"
0.739009155612657,0.03702457952067807,0.18568940405264484,0.0,0.03827686081402014,1.6035913646326834,0,"PVC, PET, PEEK, PTFE, PVDF, Polycarbonate, PMMA, PDMS, Silicone Rubber, Epoxy, Phenolic Resin, Carbon Fiber Epoxy, Glass Fiber Epoxy, CFRP, GFRP, Bone"
0.0,0.012766149763951731,0.3801130421608463,0.013060297654414698,0.5940605104207871,2.6215427574357886,1,"Fiberglass, Silicon, Silicon Carbide, Silica, Glass, Borosilicate Glass, Aluminosilicate Glass"
0.972400746409965,0.0,0.0,0.0,0.02759925359003503,2.3663790926512975,5,"Carbon Fiber, Graphite, Graphene, Diamond, Carbon Nanotubes"
0.09444194721889,0.0913509914062355,0.7908917561591569,0.023315305215717716,0.0,0.9691951763699935,3,"Water, Ice, Soft Tissue, Muscle"
0.9964236903059526,0.0,0.0035763096940474495,0.0,0.0,1.873873727633542,5,"Carbon Fiber, Graphite, Graphene, Diamond, Carbon Nanotubes"
0.13514196246411714,0.0,0.3132892540070315,0.014361898382826636,0.5372068851460247,2.6505615607143027,1,"Fiberglass, Silicon, Silicon Carbide, Silica, Glass, Borosilicate Glass, Aluminosilicate Glass"
0.9452425556768291,0.0,0.025175248263203175,0.016783272598238797,0.012798923461728947,2.14999348506589,5,"Carbon Fiber, Graphite, Graphene, Diamond, Carbon Nanotubes"
0.9335629608402121,0.020548916712882927,0.032576830004745636,0.0,0.013311292442159457,2.2608060014194984,5,"Carbon Fiber, Graphite, Graphene, Diamond, Carbon Nanotubes"
0.712692038346015,0.04910717744947188,0.1608504432654671,0.017960330082407185,0.059390010856638795,1.5789199985962679,0,"PVC, PET, PEEK, PTFE, PVDF, Polycarbonate, PMMA, PDMS, Silicone Rubber, Epoxy, Phenolic Resin, Carbon Fiber Epoxy, Glass Fiber Epoxy, CFRP, GFRP, Bone"
0.11309416259281536,0.12493413616763473,0.7083216326674027,0.040928967099839265,0.012721101472308073,1.1434468135406293,3,"Water, Ice, Soft Tissue, Muscle"
0.6363842458217561,0.046456541987847176,0.20447651034609937,0.0,0.11268270184429739,1.5712907858151142,0,"PVC, PET, PEEK, PTFE, PVDF, Polycarbonate, PMMA, PDMS, Silicone Rubber, Epoxy, Phenolic Resin, Carbon Fiber Epoxy, Glass Fiber Epoxy, CFRP, GFRP, Bone"
0.6723484706703093,0.025525549948221742,0.2364051646314682,0.0,0.06572081475000069,1.5766573027347646,0,"PVC, PET, PEEK, PTFE, PVDF, Polycarbonate, PMMA, PDMS, Silicone Rubber, Epoxy, Phenolic Resin, Carbon Fiber Epoxy, Glass Fiber Epoxy, CFRP, GFRP, Bone"
0.05689647569999655,0.1096859127385169,0.8101628393376269,0.019037342002177767,0.004217430221681866,0.9473156029857557,3,"Water, Ice, Soft Tissue, Muscle"
0.15631766938261096,0.09771276396039043,0.7214584657412927,0.02451110091570597,0.0,0.994469364139761,3,"Water, Ice, Soft Tissue, Muscle"
0.12025168023877987,0.0,0.26677021683111696,0.01883534928447275,0.5941427536456304,2.914071886668171,1,"Fiberglass, Silicon, Silicon Carbide, Silica, Glass, Borosilicate Glass, Aluminosilicate Glass"
0.9603560713003806,0.0,0.0,0.014208470698458115,0.02543545800116142,2.435396094244149,5,"Carbon Fiber, Graphite, Graphene, Diamond, Carbon Nanotubes"
0.9720043579611167,0.0,0.0,0.00488020222207506,0.023115439816808147,2.0375063409532377,5,"Carbon Fiber, Graphite, Graphene, Diamond, Carbon Nanotubes"
0.008853114635004867,0.0059430017495793975,0.4379202381850472,0.018900068447778716,0.5283835769825899,2.3645876888879402,1,"Fiberglass, Silicon, Silicon Carbide, Silica, Glass, Borosilicate Glass, Aluminosilicate Glass"
0.08206887043933565,0.10557829043011299,0.800142339165845,0.012210499964706257,0.0,0.969671835641193,3,"Water, Ice, Soft Tissue, Muscle"
0.6450282287967609,0.048074022086574165,0.1959351893062229,0.10872912208171955,0.0022334377287226135,1.510392930556227,2,"Nylon 6, Nylon 6-6, Kevlar, Nomex, Polyimide, TPU"
0.6339091395221383,0.043434617170120135,0.19334217396089495,0.11021503250591408,0.019099036840932657,1.3237508188578817,2,"Nylon 6, Nylon 6-6, Kevlar, Nomex, Polyimide, TPU"
0.1786411022987815,0.030528891833865257,0.19358400919508284,0.014566902541349186,0.5826790941309211,2.8853884315860476,1,"Fiberglass, Silicon, Silicon Carbide, Silica, Glass, Borosilicate Glass, Aluminosilicate Glass"
0.9189981554389278,0.007710916741427386,0.012301651702578298,0.040946759848170165,0.020042516268896263,2.9616430605758532,5,"Carbon Fiber, Graphite, Graphene, Diamond, Carbon Nanotubes"
0.7541104105348706,0.12035321210463744,0.09879570911817362,0.0073828530280633355,0.01935781521425491,0.9100395176696829,4,"PP, PE, HDPE, LDPE, UHMWPE, PS, Adipose Tissue"
0.9055655149372006,0.021253542542296278,0.04818912073477283,0.0004793486710006621,0.024512473114729594,1.8997343877802397,5,"Carbon Fiber, Graphite, Graphene, Diamond, Carbon Nanotubes"
0.607449545586416,0.03653271311959184,0.25278007889162585,0.027777319079648918,0.07546034332271763,1.540103189638341,0,"PVC, PET, PEEK, PTFE, PVDF, Polycarbonate, PMMA, PDMS, Silicone Rubber, Epoxy, Phenolic Resin, Carbon Fiber Epoxy, Glass Fiber Epoxy, CFRP, GFRP, Bone"
0.8229818407090463,0.1398063205819732,0.012158245152082291,0.02505359355689814,0.0,0.9479749427915165,4,"PP, PE, HDPE, LDPE, UHMWPE, PS, Adipose Tissue"
0.7381813000278572,0.05216873586656489,0.1526146221424921,0.024286722328380715,0.032748619634705135,1.723774875884802,0,"PVC, PET, PEEK, PTFE, PVDF, Polycarbonate, PMMA, PDMS, Silicone Rubber, Epoxy, Phenolic Resin, Carbon Fiber Epoxy, Glass Fiber Epoxy, CFRP, GFRP, Bone"
0.03356933248172847,0.10784969208937496,0.8452541468494777,0.0,0.01332682857941871,1.0324532963049358,3,"Water, Ice, Soft Tissue, Muscle"
0.08502805979977933,0.10438197231111153,0.8057821319172424,0.00480783597186679,0.0,1.0399723769126856,3,"Water, Ice, Soft Tissue, Muscle"
0.7645347564009022,0.030120465199489847,0.17072181745793977,0.021322668093489445,0.013300292848178595,1.641870849445567,0,"PVC, PET, PEEK, PTFE, PVDF, Polycarbonate, PMMA, PDMS, Silicone Rubber, Epoxy, Phenolic Resin, Carbon Fiber Epoxy, Glass Fiber Epoxy, CFRP, GFRP, Bone"
0.6863556067722092,0.0731271446764658,0.16586681257042857,0.012964752120728737,0.06168568386016763,1.4343453892814209,0,"PVC, PET, PEEK, PTFE, PVDF, Polycarbonate, PMMA, PDMS, Silicone Rubber, Epoxy, Phenolic Resin, Carbon Fiber Epoxy, Glass Fiber Epoxy, CFRP, GFRP, Bone"
0.591014510610492,0.06266188994883864,0.20906081010853153,0.011093930069732558,0.1261688592624052,1.5860409078308486,0,"PVC, PET, PEEK, PTFE, PVDF, Polycarbonate, PMMA, PDMS, Silicone Rubber, Epoxy, Phenolic Resin, Carbon Fiber Epoxy, Glass Fiber Epoxy, CFRP, GFRP, Bone"
0.5900550000263968,0.07025907857165213,0.25740279868655935,0.0,0.08228312271539168,1.3175716061539426,0,"PVC, PET, PEEK, PTFE, PVDF, Polycarbonate, PMMA, PDMS, Silicone Rubber, Epoxy, Phenolic Resin, Carbon Fiber Epoxy, Glass Fiber Epoxy, CFRP, GFRP, Bone"
0.6601727423171291,0.033273317981708427,0.21086560955345748,0.09568833014770499,0.0,1.239184907470039,2,"Nylon 6, Nylon 6-6, Kevlar, Nomex, Polyimide, TPU"
0.08569641657406775,0.018232166120685768,0.19190727540729874,0.0,0.7041641418979478,2.5867429528053303,1,"Fiberglass, Silicon, Silicon Carbide, Silica, Glass, Borosilicate Glass, Aluminosilicate Glass"
0.013372310387870337,0.10496364813684404,0.8610848261744677,0.010720065872977094,0.009859149427840866,0.9747408691208426,3,"Water, Ice, Soft Tissue, Muscle"
0.9906255686276967,0.0,0.00936512370508633,9.307667217050675e-06,0.0,2.1309959521593203,5,"Carbon Fiber, Graphite, Graphene, Diamond, Carbon Nanotubes"
0.7218497373471339,0.08547700878094044,0.1905287313308274,0.002144522541098393,0.0,1.4679143646780843,0,"PVC, PET, PEEK, PTFE, PVDF, Polycarbonate, PMMA, PDMS, Silicone Rubber, Epoxy, Phenolic Resin, Carbon Fiber Epoxy, Glass Fiber Epoxy, CFRP, GFRP, Bone"
0.7913282624054667,0.12499102459854196,0.030597816482934973,0.039983260709152695,0.013099635803903569,0.9240419002628502,4,"PP, PE, HDPE, LDPE, UHMWPE, PS, Adipose Tissue"
0.049963595298907704,0.0068715634967289755,0.41865411350273757,0.0,0.5245107277016257,2.4250788650312085,1,"Fiberglass, Silicon, Silicon Carbide, Silica, Glass, Borosilicate Glass, Aluminosilicate Glass"
0.7803101348248171,0.15113515917610315,0.03991877756417407,0.004657495147706704,0.023978433287199057,0.9836905228635402,4,"PP, PE, HDPE, LDPE, UHMWPE, PS, Adipose Tissue"
0.627841546908879,0.030543179776306356,0.1950041003002692,0.0,0.1466111730145455,1.6323270786275401,0,"PVC, PET, PEEK, PTFE, PVDF, Polycarbonate, PMMA, PDMS, Silicone Rubber, Epoxy, Phenolic Resin, Carbon Fiber Epoxy, Glass Fiber Epoxy, CFRP, GFRP, Bone"
0.11066828974917929,0.1305864916451311,0.7135860118586025,0.03159942920991837,0.013559777537168648,0.9849163822334849,3,"Water, Ice, Soft Tissue, Muscle"
0.6551841718542483,0.03996107352985663,0.26207016384702014,0.0,0.04278459076887496,1.5813415239984183,0,"PVC, PET, PEEK, PTFE, PVDF, Polycarbonate, PMMA, PDMS, Silicone Rubber, Epoxy, Phenolic Resin, Carbon Fiber Epoxy, Glass Fiber Epoxy, CFRP, GFRP, Bone"
0.9818509390321042,0.0,0.0,0.007310012829427365,0.010839048138468454,2.6972146556005336,5,"Carbon Fiber, Graphite, Graphene, Diamond, Carbon Nanotubes"
0.03045056139174511,0.0,0.46839004748077595,0.008357464525330578,0.49280192660214833,2.422378985509094,1,"Fiberglass, Silicon, Silicon Carbide, Silica, Glass, Borosilicate Glass, Aluminosilicate Glass"
0.8645335016070319,0.1354664983929681,0.0,0.0,0.0,0.9230223822496877,4,"PP, PE, HDPE, LDPE, UHMWPE, PS, Adipose Tissue"
0.8772640923338172,0.12160621127460078,0.0011296963915819126,0.0,0.0,0.9228101803064758,4,"PP, PE, HDPE, LDPE, UHMWPE, PS, Adipose Tissue"
0.058973820223220105,0.0773614081509096,0.8593311654151491,0.0,0.004333606210721222,1.027299739397079,3,"Water, Ice, Soft Tissue, Muscle"
0.7423908488992959,0.034999129892723004,0.20324911580890695,0.0,0.019360905399074067,1.6413741368342594,0,"PVC, PET, PEEK, PTFE, PVDF, Polycarbonate, PMMA, PDMS, Silicone Rubber, Epoxy, Phenolic Resin, Carbon Fiber Epoxy, Glass Fiber Epoxy, CFRP, GFRP, Bone"
0.07400754609435296,0.12333452861584518,0.7737570582522452,0.02164148636775901,0.007259380669797614,1.068683642646312,3,"Water, Ice, Soft Tissue, Muscle"
0.9483074597981915,0.010530408422601804,0.02008465897330061,0.0,0.021077472805906078,2.450665169547063,5,"Carbon Fiber, Graphite, Graphene, Diamond, Carbon Nanotubes"
0.9662890274215153,0.0,0.020907509446597635,0.01021970574809364,0.0025837573837934878,2.2357184796887095,5,"Carbon Fiber, Graphite, Graphene, Diamond, Carbon Nanotubes"
0.8706536951794215,0.1264376708484679,0.0,0.0029086339721105755,0.0,0.8243491476273563,4,"PP, PE, HDPE, LDPE, UHMWPE, PS, Adipose Tissue"
0.6649360417060785,0.08480354648919484,0.1985861158554079,0.011253143280620395,0.04042115266869853,1.507802627008527,0,"PVC, PET, PEEK, PTFE, PVDF, Polycarbonate, PMMA, PDMS, Silicone Rubber, Epoxy, Phenolic Resin, Carbon Fiber Epoxy, Glass Fiber Epoxy, CFRP, GFRP, Bone"
0.09723282527860584,0.08768350926450819,0.7318993307116295,0.05910219360522866,0.02408214114002789,1.0241755168451037,3,"Water, Ice, Soft Tissue, Muscle"
0.041955681330807786,0.003624170020985343,0.38949026977518003,0.03719315712812248,0.5277367217449045,2.610582858289726,1,"Fiberglass, Silicon, Silicon Carbide, Silica, Glass, Borosilicate Glass, Aluminosilicate Glass"
0.9325094728334113,0.0,0.042893536657213634,0.019055301655873554,0.005541688853501572,2.1139539077833978,5,"Carbon Fiber, Graphite, Graphene, Diamond, Carbon Nanotubes"
0.9654876424527172,0.023812901450630166,0.010699456096652736,0.0,0.0,2.811958576020995,5,"Carbon Fiber, Graphite, Graphene, Diamond, Carbon Nanotubes"
0.004063666713572215,0.08322765830626033,0.894627340317241,0.002906686286162319,0.015174648376764126,1.012595985825331,3,"Water, Ice, Soft Tissue, Muscle"
0.010589978486611659,0.1323859106945633,0.8491611618815106,0.0,0.007862948937314417,0.9457602168311973,3,"Water, Ice, Soft Tissue, Muscle"
0.9348985527968849,0.0,0.0,0.018001442101686308,0.047100005101428685,2.276823661698046,5,"Carbon Fiber, Graphite, Graphene, Diamond, Carbon Nanotubes"
0.8181761423961379,0.10871670994892176,0.06246125148582131,0.0006195112191320033,0.010026384949986818,1.0231432515982992,4,"PP, PE, HDPE, LDPE, UHMWPE, PS, Adipose Tissue"
0.7540718556453312,0.06712990195853574,0.15267559529764782,0.026122647098485077,0.0,1.4473374524679805,0,"PVC, PET, PEEK, PTFE, PVDF, Polycarbonate, PMMA, PDMS, Silicone Rubber, Epoxy, Phenolic Resin, Carbon Fiber Epoxy, Glass Fiber Epoxy, CFRP, GFRP, Bone"
0.0,0.10782882245937937,0.8921711775406206,0.0,0.0,1.025499137684751,3,"Water, Ice, Soft Tissue, Muscle"
0.7649770170054606,0.1105661378909256,0.10774086698022155,0.0,0.016715978123392216,0.9237822272468851,4,"PP, PE, HDPE, LDPE, UHMWPE, PS, Adipose Tissue"
0.013838506140111544,0.004686627230281962,0.396493256494801,0.0018266148706709141,0.5831549952641346,2.497435970037951,1,"Fiberglass, Silicon, Silicon Carbide, Silica, Glass, Borosilicate Glass, Aluminosilicate Glass"
0.8307196907883692,0.11717382426119022,0.04180743963643752,0.0,0.010299045314003288,1.0070856171169966,4,"PP, PE, HDPE, LDPE, UHMWPE, PS, Adipose Tissue"
0.9751149315753824,0.0,0.023383027027469125,0.0015020413971483474,0.0,2.0590829068896532,5,"Carbon Fiber, Graphite, Graphene, Diamond, Carbon Nanotubes"
0.95134892687555,0.021529280812969506,0.014520003474042772,0.01260178883743782,0.0,2.823399309826015,5,"Carbon Fiber, Graphite, Graphene, Diamond, Carbon Nanotubes"
0.046762614858236545,0.07525651465109942,0.8739060621148925,0.0033583910961752558,0.0007164172795961999,1.0042907302898085,3,"Water, Ice, Soft Tissue, Muscle"
0.7931739622019895,0.14590213805183266,0.03920031592918906,0.02172358381698885,0.0,1.0196888079866413,4,"PP, PE, HDPE, LDPE, UHMWPE, PS, Adipose Tissue"
0.07500273816846303,0.1075219797779429,0.792402246225586,0.02507303582800806,0.0,1.0464311275170866,3,"Water, Ice, Soft Tissue, Muscle"
0.04026165552220177,0.0916613221698568,0.8252641123739569,0.027276749253861636,0.015536160680123043,1.0248327163945987,3,"Water, Ice, Soft Tissue, Muscle"
0.06442692503492527,0.13064443774391926,0.7414757733955225,0.0298601160464178,0.0335927477792152,1.0354932563446673,3,"Water, Ice, Soft Tissue, Muscle"
0.05078209254760285,0.0031000662468233017,0.45067576247473795,0.03230370347806338,0.46313837525277257,2.5595541922579383,1,"Fiberglass, Silicon, Silicon Carbide, Silica, Glass, Borosilicate Glass, Aluminosilicate Glass"
0.6819465055841253,0.0662346629099649,0.18674059535436474,0.0,0.06507823615154502,1.2477523468857978,0,"PVC, PET, PEEK, PTFE, PVDF, Polycarbonate, PMMA, PDMS, Silicone Rubber, Epoxy, Phenolic Resin, Carbon Fiber Epoxy, Glass Fiber Epoxy, CFRP, GFRP, Bone"
0.839297590269565,0.11129271899533813,0.049409690735096816,0.0,0.0,0.9861462593648391,4,"PP, PE, HDPE, LDPE, UHMWPE, PS, Adipose Tissue"
0.013421924465259362,0.0,0.346090250981323,0.0,0.6404878245534176,2.5428186031479747,1,"Fiberglass, Silicon, Silicon Carbide, Silica, Glass, Borosilicate Glass, Aluminosilicate Glass"
0.027744153924075258,0.11789479763140119,0.8114848754271603,0.004677765901756616,0.03819840711560672,0.953306840181529,3,"Water, Ice, Soft Tissue, Muscle"
0.6500708821068553,0.08415428062352164,0.18688439679710292,0.07889044047252015,0.0,1.338353505745734,2,"Nylon 6, Nylon 6-6, Kevlar, Nomex, Polyimide, TPU"
0.6200609206860621,0.08537596905275409,0.20624244871387357,0.08832066154731023,0.0,1.3216586030594928,2,"Nylon 6, Nylon 6-6, Kevlar, Nomex, Polyimide, TPU"
0.8943422446316759,0.0,0.0,0.06879171496495672,0.03686604040336745,2.8197848670931065,5,"Carbon Fiber, Graphite, Graphene, Diamond, Carbon Nanotubes"
0.021946392400337883,0.10284168829559426,0.8752119193040678,0.0,0.0,1.0210846272023892,3,"Water, Ice, Soft Tissue, Muscle"
0.8078900727065781,0.12621177158344823,0.03745580345967815,0.0284423522502956,0.0,0.91755736280787,4,"PP, PE, HDPE, LDPE, UHMWPE, PS, Adipose Tissue"
0.09935586745829239,0.1110831972007177,0.772487479093944,0.017073456247045878,0.0,1.0043832508369048,3,"Water, Ice, Soft Tissue, Muscle"
0.6500981076026464,0.07088115334066203,0.17001163138805947,0.10900910766863209,0.0,1.2522853205675462,2,"Nylon 6, Nylon 6-6, Kevlar, Nomex, Polyimide, TPU"
0.03053241374090289,0.008289136079911363,0.3575799309967153,0.0,0.6035985191824703,2.358198140706353,1,"Fiberglass, Silicon, Silicon Carbide, Silica, Glass, Borosilicate Glass, Aluminosilicate Glass"
0.8137808972467213,0.10231856493773847,0.04832665093949869,0.03557388687604138,0.0,0.9893527142102909,4,"PP, PE, HDPE, LDPE, UHMWPE, PS, Adipose Tissue"
0.9458410160724436,0.0,0.010516491707277724,0.016578809047982132,0.027063683172296633,2.149244214122992,5,"Carbon Fiber, Graphite, Graphene, Diamond, Carbon Nanotubes"
0.6220249961785549,0.04397659021384451,0.2132201280809992,0.12077828552660136,0.0,1.4144992547397561,2,"Nylon 6, Nylon 6-6, Kevlar, Nomex, Polyimide, TPU"
0.6239987718074971,0.05200735401194074,0.17921133197090633,0.12131156603462047,0.023470976175035414,1.1685407816532867,2,"Nylon 6, Nylon 6-6, Kevlar, Nomex, Polyimide, TPU"
0.8056495208652736,0.14213765089352204,0.03567082538951921,0.01654200285168509,0.0,0.8596348497675733,4,"PP, PE, HDPE, LDPE, UHMWPE, PS, Adipose Tissue"
0.6607776107289651,0.05698715624763076,0.19374657448218469,0.0,0.08848865854121946,1.4050878965201177,0,"PVC, PET, PEEK, PTFE, PVDF, Polycarbonate, PMMA, PDMS, Silicone Rubber, Epoxy, Phenolic Resin, Carbon Fiber Epoxy, Glass Fiber Epoxy, CFRP, GFRP, Bone"
0.07249374872965199,0.0,0.36147285760774,0.0,0.5660333936626079,2.6855131882815244,1,"Fiberglass, Silicon, Silicon Carbide, Silica, Glass, Borosilicate Glass, Aluminosilicate Glass"
0.7441536786910063,0.11979449734480616,0.102098167331161,0.03395365663302671,0.0,0.9512045899143902,4,"PP, PE, HDPE, LDPE, UHMWPE, PS, Adipose Tissue"
0.028777745251072354,0.09753681641802303,0.8569237407154683,0.008471584598963322,0.008290113016472882,0.9616425256528397,3,"Water, Ice, Soft Tissue, Muscle"
0.6365774897827566,0.051030078643226756,0.18416519392481107,0.12822723764920546,0.0,1.3247001856554652,2,"Nylon 6, Nylon 6-6, Kevlar, Nomex, Polyimide, TPU"
0.08661558679498958,0.11458914881101193,0.7493909870976653,0.03862942687021263,0.01077485042612054,0.9477367728731005,3,"Water, Ice, Soft Tissue, Muscle"
0.6268594320538692,0.07242070569854198,0.17125883064775246,0.08174709795502634,0.04771393364480996,1.2450770778411655,2,"Nylon 6, Nylon 6-6, Kevlar, Nomex, Polyimide, TPU"
0.6725685417824974,0.031034253700909856,0.2272934400883959,0.0,0.06910376442819686,1.488982577764598,0,"PVC, PET, PEEK, PTFE, PVDF, Polycarbonate, PMMA, PDMS, Silicone Rubber, Epoxy, Phenolic Resin, Carbon Fiber Epoxy, Glass Fiber Epoxy, CFRP, GFRP, Bone"
0.6202492759080899,0.09843292798672063,0.1478029267827376,0.1335148693224519,0.0,1.2620742524451416,2,"Nylon 6, Nylon 6-6, Kevlar, Nomex, Polyimide, TPU"
0.6636434219114381,0.04967272892757852,0.2297427803402718,0.011950536742106027,0.04499053207860556,1.5656056757832348,0,"PVC, PET, PEEK, PTFE, PVDF, Polycarbonate, PMMA, PDMS, Silicone Rubber, Epoxy, Phenolic Resin, Carbon Fiber Epoxy, Glass Fiber Epoxy, CFRP, GFRP, Bone"
0.10040805351752,0.08143708831210573,0.790896192693077,0.0,0.02725866547729739,0.9651042499836485,3,"Water, Ice, Soft Tissue, Muscle"
0.9472995278368063,0.00014444965893945646,0.0,0.018265693777691314,0.034290328726563,2.2741910269330456,5,"Carbon Fiber, Graphite, Graphene, Diamond, Carbon Nanotubes"
0.023303909956777002,0.030620975108553095,0.47728497479239224,0.01621380571277172,0.4525763344295058,2.6044138539767308,1,"Fiberglass, Silicon, Silicon Carbide, Silica, Glass, Borosilicate Glass, Aluminosilicate Glass"
0.042664905348484314,0.0021056094761749433,0.31931219350809553,0.022989886035591902,0.6129274056316532,2.416622299928083,1,"Fiberglass, Silicon, Silicon Carbide, Silica, Glass, Borosilicate Glass, Aluminosilicate Glass"
0.5772591197694664,0.06363873344905832,0.19299661859663306,0.0,0.1661055281848424,1.4121878743356204,0,"PVC, PET, PEEK, PTFE, PVDF, Polycarbonate, PMMA, PDMS, Silicone Rubber, Epoxy, Phenolic Resin, Carbon Fiber Epoxy, Glass Fiber Epoxy, CFRP, GFRP, Bone"
0.023191914644389723,0.11513321357192745,0.8175929143496385,0.029190381533619546,0.014891575900424735,1.0359278841951345,3,"Water, Ice, Soft Tissue, Muscle"
0.665828986914542,0.06239474507207991,0.13406727347728475,0.03002872709499348,0.10768026744109994,1.3256217481936314,0,"PVC, PET, PEEK, PTFE, PVDF, Polycarbonate, PMMA, PDMS, Silicone Rubber, Epoxy, Phenolic Resin, Carbon Fiber Epoxy, Glass Fiber Epoxy, CFRP, GFRP, Bone"
0.6648385716198287,0.05816890430775457,0.16390659496687776,0.10466874575886588,0.008417183346673103,1.2720993087391539,2,"Nylon 6, Nylon 6-6, Kevlar, Nomex, Polyimide, TPU"
0.9383456229119718,0.004214722032934377,0.01544096697588201,0.035581149274408995,0.0064175388048028316,2.5688185118552744,5,"Carbon Fiber, Graphite, Graphene, Diamond, Carbon Nanotubes"
0.7693411054502994,0.10994876140083519,0.1020944819520776,0.0,0.018615651196787687,0.9758824533871038,4,"PP, PE, HDPE, LDPE, UHMWPE, PS, Adipose Tissue"
0.6378138576344927,0.07535025051563272,0.1594063463048819,0.12277250436837192,0.004657041176620629,1.402053690644393,2,"Nylon 6, Nylon 6-6, Kevlar, Nomex, Polyimide, TPU"
0.022827144382037548,0.12730519318566294,0.8498676624322996,0.0,0.0,0.976321341886436,3,"Water, Ice, Soft Tissue, Muscle"
1.0,0.0,0.0,0.0,0.0,2.382331384877237,5,"Carbon Fiber, Graphite, Graphene, Diamond, Carbon Nanotubes"
0.7512299847162892,0.13558767920488202,0.07733236302141382,0.020521241808024893,0.015328731249390036,0.9207196383617127,4,"PP, PE, HDPE, LDPE, UHMWPE, PS, Adipose Tissue"
0.5940632181579575,0.0850486227720724,0.21263945121076713,0.0,0.10824870785920304,1.4196207834002168,0,"PVC, PET, PEEK, PTFE, PVDF, Polycarbonate, PMMA, PDMS, Silicone Rubber, Epoxy, Phenolic Resin, Carbon Fiber Epoxy, Glass Fiber Epoxy, CFRP, GFRP, Bone"
0.5608994647848908,0.05314623134533617,0.255662724672302,0.0,0.13029157919747092,1.6692215478930141,0,"PVC, PET, PEEK, PTFE, PVDF, Polycarbonate, PMMA, PDMS, Silicone Rubber, Epoxy, Phenolic Resin, Carbon Fiber Epoxy, Glass Fiber Epoxy, CFRP, GFRP, Bone"
0.7207722821595703,0.05451066049472289,0.15772118354918116,0.035154873696679974,0.031841000099845584,1.4215377065498649,0,"PVC, PET, PEEK, PTFE, PVDF, Polycarbonate, PMMA, PDMS, Silicone Rubber, Epoxy, Phenolic Resin, Carbon Fiber Epoxy, Glass Fiber Epoxy, CFRP, GFRP, Bone"
0.05263328138954175,0.0,0.40914921638232665,0.0,0.5382175022281316,2.3501887858142103,1,"Fiberglass, Silicon, Silicon Carbide, Silica, Glass, Borosilicate Glass, Aluminosilicate Glass"
0.9505384792040434,0.00489668186810481,0.016332015195119256,0.018579790729186682,0.009653033003545813,2.043999971787315,5,"Carbon Fiber, Graphite, Graphene, Diamond, Carbon Nanotubes"
0.9330922399215701,0.0036224860283705774,0.0026693021734344635,0.02696358657065736,0.033652385305967564,1.6965187871552663,5,"Carbon Fiber, Graphite, Graphene, Diamond, Carbon Nanotubes"
0.0,0.14301936515122016,0.850232315162557,0.006748319686222764,0.0,0.8797762629579494,3,"Water, Ice, Soft Tissue, Muscle"
0.033753696242751124,0.07612864913621278,0.8696127678841252,0.020504886736910845,0.0,1.0582139711714869,3,"Water, Ice, Soft Tissue, Muscle"
0.7931749970277748,0.13778467786929796,0.03770207980603173,0.011906156048458223,0.019432089248437062,0.9539281184913835,4,"PP, PE, HDPE, LDPE, UHMWPE, PS, Adipose Tissue"
0.7718993479007229,0.09515495561291361,0.12805890619889948,0.0,0.00488679028746405,0.8852893876655789,4,"PP, PE, HDPE, LDPE, UHMWPE, PS, Adipose Tissue"
0.780800804977013,0.04913557562715717,0.15650763325930975,0.0,0.013555986136520128,1.4174018537043807,0,"PVC, PET, PEEK, PTFE, PVDF, Polycarbonate, PMMA, PDMS, Silicone Rubber, Epoxy, Phenolic Resin, Carbon Fiber Epoxy, Glass Fiber Epoxy, CFRP, GFRP, Bone"
0.0,0.0,0.4675345368205645,0.05034636216992144,0.4821191010095141,2.316011344612536,1,"Fiberglass, Silicon, Silicon Carbide, Silica, Glass, Borosilicate Glass, Aluminosilicate Glass"
0.6571577018862139,0.058782926154360586,0.1712067542921003,0.0,0.11285261766732509,1.376227376512058,0,"PVC, PET, PEEK, PTFE, PVDF, Polycarbonate, PMMA, PDMS, Silicone Rubber, Epoxy, Phenolic Resin, Carbon Fiber Epoxy, Glass Fiber Epoxy, CFRP, GFRP, Bone"
0.9876706465483868,0.0,0.0,0.012329353451613213,0.0,2.6093286998565226,5,"Carbon Fiber, Graphite, Graphene, Diamond, Carbon Nanotubes"
0.9862218768203942,0.006518827157424446,0.0,0.0,0.007259296022181422,2.275097510191428,5,"Carbon Fiber, Graphite, Graphene, Diamond, Carbon Nanotubes"
0.11295898834421252,0.08909925411307189,0.7739034139689671,0.017864806878433892,0.006173536695314462,1.0271036238765323,3,"Water, Ice, Soft Tissue, Muscle"
0.6411743897318509,0.07196760865395085,0.1965368996593112,0.08094383257457356,0.00937726938031347,1.25501980470407,2,"Nylon 6, Nylon 6-6, Kevlar, Nomex, Polyimide, TPU"
0.7966983303191941,0.14376298751079314,0.018039426504973158,0.016908498154684867,0.024590757510354683,0.8775268209736654,4,"PP, PE, HDPE, LDPE, UHMWPE, PS, Adipose Tissue"
0.601898780678007,0.06958205043135975,0.2165625070542368,0.0,0.11195666183639641,1.498546652815261,0,"PVC, PET, PEEK, PTFE, PVDF, Polycarbonate, PMMA, PDMS, Silicone Rubber, Epoxy, Phenolic Resin, Carbon Fiber Epoxy, Glass Fiber Epoxy, CFRP, GFRP, Bone"
0.596776862295147,0.08245218688805171,0.18832699022703814,0.13244396058976304,0.0,1.2630002163022307,2,"Nylon 6, Nylon 6-6, Kevlar, Nomex, Polyimide, TPU"
0.797004395190978,0.11703371147741432,0.042808044532397845,0.043153848799209776,0.0,0.9076198807833569,4,"PP, PE, HDPE, LDPE, UHMWPE, PS, Adipose Tissue"
0.016009955436451555,0.09688088983598817,0.8715094146470382,0.01559974008052204,0.0,0.9796633778213168,3,"Water, Ice, Soft Tissue, Muscle"
0.6439516350968039,0.01790588000894482,0.19034593157709445,0.12109490522503738,0.026701648092119536,1.31769688532698,2,"Nylon 6, Nylon 6-6, Kevlar, Nomex, Polyimide, TPU"
0.7501992156519015,0.13924909253556308,0.08608800072503196,0.008783170525187458,0.015680520562316096,0.8510834281036372,4,"PP, PE, HDPE, LDPE, UHMWPE, PS, Adipose Tissue"
0.0165293825831553,0.006565643363779488,0.5187200411775595,0.005331851651574234,0.4528530812239314,2.4657534260380163,1,"Fiberglass, Silicon, Silicon Carbide, Silica, Glass, Borosilicate Glass, Aluminosilicate Glass"
0.5706595495627095,0.07286263558226362,0.216738735896958,0.11682141386012744,0.022917665097941502,1.3116558293995868,2,"Nylon 6, Nylon 6-6, Kevlar, Nomex, Polyimide, TPU"
0.873774949799336,0.1177973268605905,0.008427723340073356,0.0,0.0,0.8876333187147032,4,"PP, PE, HDPE, LDPE, UHMWPE, PS, Adipose Tissue"
0.9797617336279737,0.006637874991197178,0.0,0.01308078222059707,0.0005196091602320478,2.4086391836865713,5,"Carbon Fiber, Graphite, Graphene, Diamond, Carbon Nanotubes"
0.0,0.0,0.5003823466250668,0.0,0.4996176533749332,2.3692325703515453,1,"Fiberglass, Silicon, Silicon Carbide, Silica, Glass, Borosilicate Glass, Aluminosilicate Glass"
0.9407078089394277,0.0,0.031099617526398643,0.02819257353417353,0.0,2.1262479504344935,5,"Carbon Fiber, Graphite, Graphene, Diamond, Carbon Nanotubes"
0.1288083823069531,0.07264318392734359,0.7379249891535491,0.06062344461215417,0.0,0.9306220822837112,3,"Water, Ice, Soft Tissue, Muscle"
0.07013422316127689,0.09520944726318756,0.827978530050203,0.00667779952533255,0.0,0.9855963384955312,3,"Water, Ice, Soft Tissue, Muscle"
0.6971046257793853,0.04709241819934375,0.15234741189630086,0.0,0.10345554412496998,1.5404913685420984,0,"PVC, PET, PEEK, PTFE, PVDF, Polycarbonate, PMMA, PDMS, Silicone Rubber, Epoxy, Phenolic Resin, Carbon Fiber Epoxy, Glass Fiber Epoxy, CFRP, GFRP, Bone"
0.6605885101156291,0.0666916036357008,0.18123844864959252,0.0,0.09148143759907751,1.4001804482590943,0,"PVC, PET, PEEK, PTFE, PVDF, Polycarbonate, PMMA, PDMS, Silicone Rubber, Epoxy, Phenolic Resin, Carbon Fiber Epoxy, Glass Fiber Epoxy, CFRP, GFRP, Bone"
0.0,0.02144525979616402,0.5170389638910697,0.034834926022362864,0.4266808502904033,2.3076111287649748,1,"Fiberglass, Silicon, Silicon Carbide, Silica, Glass, Borosilicate Glass, Aluminosilicate Glass"
0.9725587464921404,0.0,0.0,0.003182086128976964,0.024259167378882632,1.8222467723576987,5,"Carbon Fiber, Graphite, Graphene, Diamond, Carbon Nanotubes"
0.7673925208934192,0.15508143541505387,0.042838040123809235,0.011693644045121881,0.02299435952259565,0.9886784931347851,4,"PP, PE, HDPE, LDPE, UHMWPE, PS, Adipose Tissue"
0.0732872373690585,0.10657186257391316,0.7874347447943647,0.03270615526266372,0.0,1.0286888896735464,3,"Water, Ice, Soft Tissue, Muscle"
0.6213995633522796,0.06541326568003056,0.14519321043020975,0.16234867821065987,0.0056452823268201445,1.2088021156756064,2,"Nylon 6, Nylon 6-6, Kevlar, Nomex, Polyimide, TPU"
0.08298993957623838,0.0,0.3127442587660281,0.0,0.6042658016577335,2.491150286574581,1,"Fiberglass, Silicon, Silicon Carbide, Silica, Glass, Borosilicate Glass, Aluminosilicate Glass"
0.6939549240616338,0.052140040916748204,0.16945700083845958,0.006002422270344006,0.07844561191281439,1.532558039493755,0,"PVC, PET, PEEK, PTFE, PVDF, Polycarbonate, PMMA, PDMS, Silicone Rubber, Epoxy, Phenolic Resin, Carbon Fiber Epoxy, Glass Fiber Epoxy, CFRP, GFRP, Bone"
0.9997075822327642,0.0,0.0,0.0002924177672357658,0.0,2.5969819956914484,5,"Carbon Fiber, Graphite, Graphene, Diamond, Carbon Nanotubes"
0.968052725435227,0.02684807284056371,0.005099201724209405,0.0,0.0,2.081226758010192,5,"Carbon Fiber, Graphite, Graphene, Diamond, Carbon Nanotubes"
0.7637890723950016,0.10757019029144772,0.11186770943711521,0.0,0.01677302787643547,0.9030864650260723,4,"PP, PE, HDPE, LDPE, UHMWPE, PS, Adipose Tissue"
0.0038083165210698,0.0,0.4050062844383736,0.02485553641991543,0.5663298626206412,2.4211853713977947,1,"Fiberglass, Silicon, Silicon Carbide, Silica, Glass, Borosilicate Glass, Aluminosilicate Glass"
0.7242372963355799,0.06012311821069274,0.17713398796078705,0.0,0.038505597492940344,1.5384832606175638,0,"PVC, PET, PEEK, PTFE, PVDF, Polycarbonate, PMMA, PDMS, Silicone Rubber, Epoxy, Phenolic Resin, Carbon Fiber Epoxy, Glass Fiber Epoxy, CFRP, GFRP, Bone"
0.07955104827300469,0.11833620078693213,0.7685839680003398,0.03352878293972341,0.0,1.1352010035273647,3,"Water, Ice, Soft Tissue, Muscle"
0.020415403039530104,0.09329260346448272,0.8860255070926893,0.0,0.0002664864032978782,0.9549753152202753,3,"Water, Ice, Soft Tissue, Muscle"
0.6156003786216816,0.04859045687000303,0.19262555466657796,0.014791220784552956,0.12839238905718445,1.596686667957898,0,"PVC, PET, PEEK, PTFE, PVDF, Polycarbonate, PMMA, PDMS, Silicone Rubber, Epoxy, Phenolic Resin, Carbon Fiber Epoxy, Glass Fiber Epoxy, CFRP, GFRP, Bone"
0.8374978189937627,0.10363215697503342,0.04492714104272176,0.0,0.013942882988482114,1.025059711856964,4,"PP, PE, HDPE, LDPE, UHMWPE, PS, Adipose Tissue"
0.017839934085294017,0.0,0.530766689281232,0.02209858081256457,0.42929479582090935,2.428063813909975,1,"Fiberglass, Silicon, Silicon Carbide, Silica, Glass, Borosilicate Glass, Aluminosilicate Glass"
0.6452095250338753,0.07608118821910344,0.18622582672143145,0.09248346002558974,0.0,1.2464131447358113,2,"Nylon 6, Nylon 6-6, Kevlar, Nomex, Polyimide, TPU"
0.7162440552123206,0.07237257836841496,0.14972918185765266,0.017680434364164117,0.04397375019744764,1.3949710728073468,0,"PVC, PET, PEEK, PTFE, PVDF, Polycarbonate, PMMA, PDMS, Silicone Rubber, Epoxy, Phenolic Resin, Carbon Fiber Epoxy, Glass Fiber Epoxy, CFRP, GFRP, Bone"
0.6451652149486458,0.07189614438963794,0.14671559641277437,0.11902940774339837,0.01719363650554354,1.3646854687022396,2,"Nylon 6, Nylon 6-6, Kevlar, Nomex, Polyimide, TPU"
0.9311996225162666,0.0,0.03219615348861633,0.015640946021608593,0.020963277973508353,2.0228890882366137,5,"Carbon Fiber, Graphite, Graphene, Diamond, Carbon Nanotubes"
0.6069166786830291,0.06959759270587439,0.1982281854234788,0.1252575431876178,0.0,1.4274800617391858,2,"Nylon 6, Nylon 6-6, Kevlar, Nomex, Polyimide, TPU"
0.6598237206236554,0.08397699576862491,0.16158899857055822,0.09354974356802648,0.001060541469135052,1.3297930172742454,2,"Nylon 6, Nylon 6-6, Kevlar, Nomex, Polyimide, TPU"
0.6795279323297291,0.0455409641396612,0.25898768375507064,0.0,0.015943419775539164,1.4478276458820447,0,"PVC, PET, PEEK, PTFE, PVDF, Polycarbonate, PMMA, PDMS, Silicone Rubber, Epoxy, Phenolic Resin, Carbon Fiber Epoxy, Glass Fiber Epoxy, CFRP, GFRP, Bone"
0.8481189606520799,0.11137309071529983,0.025747199007404655,0.0,0.014760749625215496,0.9406179318862944,4,"PP, PE, HDPE, LDPE, UHMWPE, PS, Adipose Tissue"
0.676804294886937,0.05001959486368074,0.1896283417334715,0.013799043517729785,0.06974872499818101,1.4080584857990364,0,"PVC, PET, PEEK, PTFE, PVDF, Polycarbonate, PMMA, PDMS, Silicone Rubber, Epoxy, Phenolic Resin, Carbon Fiber Epoxy, Glass Fiber Epoxy, CFRP, GFRP, Bone"
0.05328219671275276,0.08142237750654896,0.8015010276687002,0.05983600805977356,0.003958390052224197,0.9712614305425586,3,"Water, Ice, Soft Tissue, Muscle"
0.9629424316607018,0.006544572025204031,0.007132188569151134,0.0,0.023380807744943156,2.62736779285929,5,"Carbon Fiber, Graphite, Graphene, Diamond, Carbon Nanotubes"
0.9830256575488038,0.005928651749343069,0.011045690701853234,0.0,0.0,1.9522694554366615,5,"Carbon Fiber, Graphite, Graphene, Diamond, Carbon Nanotubes"
0.9881261571604097,0.002044700267208664,0.0,0.009829142572381589,0.0,2.9874172826418475,5,"Carbon Fiber, Graphite, Graphene, Diamond, Carbon Nanotubes"
0.9611424230074475,0.008216422091427526,0.010622240135862252,0.01209765912248594,0.007921255642776823,2.7347231898584625,5,"Carbon Fiber, Graphite, Graphene, Diamond, Carbon Nanotubes"
0.8501528504847007,0.14423244867802867,0.0,0.005614700837270763,0.0,0.9951318317554614,4,"PP, PE, HDPE, LDPE, UHMWPE, PS, Adipose Tissue"
0.04807634082540666,0.12278586327959369,0.819021756657583,0.010116039237416606,0.0,1.0431636586513051,3,"Water, Ice, Soft Tissue, Muscle"
0.9596907072645645,0.026514492779798095,0.004212011359183453,0.0,0.009582788596453973,2.501947663934362,5,"Carbon Fiber, Graphite, Graphene, Diamond, Carbon Nanotubes"
0.07651605866631832,0.01810341389481368,0.400661479857697,0.0,0.504719047581171,2.5971763029980464,1,"Fiberglass, Silicon, Silicon Carbide, Silica, Glass, Borosilicate Glass, Aluminosilicate Glass"
0.6531585431134628,0.04248017367517002,0.18886907862434574,0.1154922045870215,0.0,1.2789516510589003,2,"Nylon 6, Nylon 6-6, Kevlar, Nomex, Polyimide, TPU"
0.9612403317955495,0.0,0.0028765261110797976,0.03588314209337082,0.0,1.8079600826856221,5,"Carbon Fiber, Graphite, Graphene, Diamond, Carbon Nanotubes"
0.8616068666167712,0.13325518576804185,0.0,0.004183952073962704,0.0009539955412242605,0.9126197141282273,4,"PP, PE, HDPE, LDPE, UHMWPE, PS, Adipose Tissue"
0.5924370916309033,0.06994679553590909,0.21996827391289134,0.1176478389202963,0.0,1.2784581385717753,2,"Nylon 6, Nylon 6-6, Kevlar, Nomex, Polyimide, TPU"
0.0037524504387876027,0.0,0.512967286422894,0.0,0.4832802631383184,2.526346553007809,1,"Fiberglass, Silicon, Silicon Carbide, Silica, Glass, Borosilicate Glass, Aluminosilicate Glass"
0.5900458342041279,0.0792207187531798,0.21501509902479898,0.0,0.11571834801789335,1.4213386673250201,0,"PVC, PET, PEEK, PTFE, PVDF, Polycarbonate, PMMA, PDMS, Silicone Rubber, Epoxy, Phenolic Resin, Carbon Fiber Epoxy, Glass Fiber Epoxy, CFRP, GFRP, Bone"
0.03460517038306329,0.11336203572150916,0.8205709341439635,0.018951914234624233,0.01250994551683974,1.05641848155586,3,"Water, Ice, Soft Tissue, Muscle"
0.6392221671143485,0.052764735471006824,0.2804755106391047,0.016901698837202394,0.010635887938337552,1.5358202081243082,0,"PVC, PET, PEEK, PTFE, PVDF, Polycarbonate, PMMA, PDMS, Silicone Rubber, Epoxy, Phenolic Resin, Carbon Fiber Epoxy, Glass Fiber Epoxy, CFRP, GFRP, Bone"
0.9792496062708942,0.01312826227837129,0.0,0.007622131450734716,0.0,2.341954719891867,5,"Carbon Fiber, Graphite, Graphene, Diamond, Carbon Nanotubes"
0.0032389813526775956,0.0,0.4316672891675212,0.008025760951709938,0.5570679685280913,2.214266907845318,1,"Fiberglass, Silicon, Silicon Carbide, Silica, Glass, Borosilicate Glass, Aluminosilicate Glass"
0.0,0.009901572708153826,0.33882361864613336,0.012241200772270132,0.6390336078734427,2.458326892021055,1,"Fiberglass, Silicon, Silicon Carbide, Silica, Glass, Borosilicate Glass, Aluminosilicate Glass"
0.02880191890604201,0.03032023567588303,0.25413381785864697,0.0,0.686744027559428,2.895822110654866,1,"Fiberglass, Silicon, Silicon Carbide, Silica, Glass, Borosilicate Glass, Aluminosilicate Glass"
0.8558337993868045,0.12995993892779123,0.0,0.0,0.014206261685404297,0.9548839120999465,4,"PP, PE, HDPE, LDPE, UHMWPE, PS, Adipose Tissue"
0.8754399167540738,0.11208151159715593,0.012478571648770226,0.0,0.0,1.0497923471186068,4,"PP, PE, HDPE, LDPE, UHMWPE, PS, Adipose Tissue"
0.9324583778958138,0.008500993692560674,0.015586468750572496,0.0,0.043454159661053066,2.148779976584645,5,"Carbon Fiber, Graphite, Graphene, Diamond, Carbon Nanotubes"
0.057212633248130605,0.0,0.41836274122853256,0.0,0.5244246255233369,2.384651710657879,1,"Fiberglass, Silicon, Silicon Carbide, Silica, Glass, Borosilicate Glass, Aluminosilicate Glass"
0.6283397052446071,0.0609001502758022,0.2118029495340429,0.09895719494554756,0.0,1.2358778230024927,2,"Nylon 6, Nylon 6-6, Kevlar, Nomex, Polyimide, TPU"
0.734634249486031,0.1346126537305007,0.11247778399207135,0.016132983378758934,0.0021423294126381733,0.9460279925495889,4,"PP, PE, HDPE, LDPE, UHMWPE, PS, Adipose Tissue"
0.7196911976310766,0.13765503435766444,0.11090894768585338,0.015358980732587358,0.016385839592818193,0.990441556104871,4,"PP, PE, HDPE, LDPE, UHMWPE, PS, Adipose Tissue"
0.6610699587203782,0.04433486292050748,0.203838742270526,0.003972394177362404,0.08678404191122593,1.4148828863709084,0,"PVC, PET, PEEK, PTFE, PVDF, Polycarbonate, PMMA, PDMS, Silicone Rubber, Epoxy, Phenolic Resin, Carbon Fiber Epoxy, Glass Fiber Epoxy, CFRP, GFRP, Bone"
0.8128253931028725,0.1402141213994313,0.04028572040370502,0.006674765093991066,0.0,0.9351564066249607,4,"PP, PE, HDPE, LDPE, UHMWPE, PS, Adipose Tissue"
0.10163588987404372,0.1101572934781832,0.76262900832058,0.0,0.025577808327193047,1.0005690784848937,3,"Water, Ice, Soft Tissue, Muscle"
0.6879244339098101,0.07652900999136916,0.11313864184621299,0.035881952633388586,0.08652596161921941,1.3999615819909883,0,"PVC, PET, PEEK, PTFE, PVDF, Polycarbonate, PMMA, PDMS, Silicone Rubber, Epoxy, Phenolic Resin, Carbon Fiber Epoxy, Glass Fiber Epoxy, CFRP, GFRP, Bone"
0.6348924535153644,0.04503181287322601,0.19797698840500372,0.12209874520640598,0.0,1.3319925335299616,2,"Nylon 6, Nylon 6-6, Kevlar, Nomex, Polyimide, TPU"
0.949400181525824,0.0,0.0,0.02255135886393892,0.02804845961023711,2.2276077795888938,5,"Carbon Fiber, Graphite, Graphene, Diamond, Carbon Nanotubes"
0.6299605153259924,0.05945864159705068,0.19565264604298635,0.01485049576092011,0.10007770127305035,1.519293871338701,0,"PVC, PET, PEEK, PTFE, PVDF, Polycarbonate, PMMA, PDMS, Silicone Rubber, Epoxy, Phenolic Resin, Carbon Fiber Epoxy, Glass Fiber Epoxy, CFRP, GFRP, Bone"
0.6101662494390742,0.0396438634442901,0.20813454738793405,0.14205533972870169,0.0,1.197317806219381,2,"Nylon 6, Nylon 6-6, Kevlar, Nomex, Polyimide, TPU"
0.8101704991267873,0.1410583636558461,0.030838232478389245,0.0,0.01793290473897749,0.9371533129885344,4,"PP, PE, HDPE, LDPE, UHMWPE, PS, Adipose Tissue"
0.09432555718705429,0.14385618597612476,0.7228950205567427,0.03892323628007829,0.0,0.9819617617082594,3,"Water, Ice, Soft Tissue, Muscle"
0.06397190051777568,0.0,0.3274496927030779,0.0,0.6085784067791464,2.7976289639650416,1,"Fiberglass, Silicon, Silicon Carbide, Silica, Glass, Borosilicate Glass, Aluminosilicate Glass"
0.6333168055074322,0.038384129917675994,0.23860898811570536,0.0329169714280586,0.05677310503112777,1.4607943154179666,0,"PVC, PET, PEEK, PTFE, PVDF, Polycarbonate, PMMA, PDMS, Silicone Rubber, Epoxy, Phenolic Resin, Carbon Fiber Epoxy, Glass Fiber Epoxy, CFRP, GFRP, Bone"
0.626816511135971,0.07002320194373736,0.16669516852258678,0.13646511839770495,0.0,1.2903499623739283,2,"Nylon 6, Nylon 6-6, Kevlar, Nomex, Polyimide, TPU"
0.1391357557378777,0.0903430990136839,0.7445822941583854,0.02593885109005313,0.0,0.9020297917715214,3,"Water, Ice, Soft Tissue, Muscle"
0.6369625600964248,0.04473385076774278,0.2516480737565978,0.0,0.06665551537923453,1.551263482894596,0,"PVC, PET, PEEK, PTFE, PVDF, Polycarbonate, PMMA, PDMS, Silicone Rubber, Epoxy, Phenolic Resin, Carbon Fiber Epoxy, Glass Fiber Epoxy, CFRP, GFRP, Bone"
0.6148420807674123,0.08577724136806421,0.1651624468923592,0.13421823097216432,0.0,1.4367535374163352,2,"Nylon 6, Nylon 6-6, Kevlar, Nomex, Polyimide, TPU"
0.9618115240390605,0.0,0.0,0.02822646409764727,0.009962011863292113,2.447594517586584,5,"Carbon Fiber, Graphite, Graphene, Diamond, Carbon Nanotubes"
0.02541685536708226,0.10773687262864055,0.856437014212764,0.010409257791513212,0.0,1.040849726096678,3,"Water, Ice, Soft Tissue, Muscle"
0.11129499015643393,0.05922358786463678,0.8244806468667149,0.00500077511221446,0.0,0.9609356488218795,3,"Water, Ice, Soft Tissue, Muscle"
0.8668922043257483,0.10226398815215704,0.030843807522094535,0.0,0.0,0.9719471605420715,4,"PP, PE, HDPE, LDPE, UHMWPE, PS, Adipose Tissue"
0.021276901247396368,0.009185026142337243,0.3791499991375153,0.0,0.590388073472751,2.4488565354245675,1,"Fiberglass, Silicon, Silicon Carbide, Silica, Glass, Borosilicate Glass, Aluminosilicate Glass"
0.06513621186632335,0.11888226503935077,0.7495407167794615,0.04037475195470357,0.026066054360160608,1.0184204527397904,3,"Water, Ice, Soft Tissue, Muscle"
0.6456593271381977,0.07739106982295953,0.18543425825010332,0.0,0.09151534478873939,1.4894457505864254,0,"PVC, PET, PEEK, PTFE, PVDF, Polycarbonate, PMMA, PDMS, Silicone Rubber, Epoxy, Phenolic Resin, Carbon Fiber Epoxy, Glass Fiber Epoxy, CFRP, GFRP, Bone"
0.6563921367135,0.05528800769484015,0.24770348578786025,0.02080938415999406,0.01980698564380548,1.514565840947703,0,"PVC, PET, PEEK, PTFE, PVDF, Polycarbonate, PMMA, PDMS, Silicone Rubber, Epoxy, Phenolic Resin, Carbon Fiber Epoxy, Glass Fiber Epoxy, CFRP, GFRP, Bone"
0.9696903957190622,0.011529081864957238,0.006412961552892807,0.007906142381511006,0.004461418481576813,2.0567782687289036,5,"Carbon Fiber, Graphite, Graphene, Diamond, Carbon Nanotubes"
0.03474576915888913,0.12975183490481654,0.8048059071039206,0.008472241668177406,0.022224247164196395,1.0959221176989733,3,"Water, Ice, Soft Tissue, Muscle"
0.018040327814177384,0.0,0.4309473770758464,0.0,0.5510122951099762,2.6652198389283575,1,"Fiberglass, Silicon, Silicon Carbide, Silica, Glass, Borosilicate Glass, Aluminosilicate Glass"
0.6185708762185569,0.08168304750771183,0.17774672701268188,0.12060152258983958,0.0013978266712098618,1.2091014719731432,2,"Nylon 6, Nylon 6-6, Kevlar, Nomex, Polyimide, TPU"
0.6354880824245069,0.0615246111047632,0.18062335084298964,0.12236395562774038,0.0,1.265834310338303,2,"Nylon 6, Nylon 6-6, Kevlar, Nomex, Polyimide, TPU"
0.10053233407250312,0.13507078273697115,0.749999703822265,0.014397179368260885,0.0,1.019596390947815,3,"Water, Ice, Soft Tissue, Muscle"
0.026347257231129483,0.0,0.4455516722308158,0.0,0.5281010705380547,2.563857946261133,1,"Fiberglass, Silicon, Silicon Carbide, Silica, Glass, Borosilicate Glass, Aluminosilicate Glass"
0.10399515687191237,0.11955798325225764,0.7497085151273557,0.022648623263203473,0.00408972148527079,0.9683482954836101,3,"Water, Ice, Soft Tissue, Muscle"
0.6627984364212469,0.04002222120870191,0.160535495639774,0.1366438467302773,0.0,1.3263827620491007,2,"Nylon 6, Nylon 6-6, Kevlar, Nomex, Polyimide, TPU"
0.6726097541023827,0.05669286211681993,0.1870423977548072,0.0,0.08365498602599035,1.4680153857722253,0,"PVC, PET, PEEK, PTFE, PVDF, Polycarbonate, PMMA, PDMS, Silicone Rubber, Epoxy, Phenolic Resin, Carbon Fiber Epoxy, Glass Fiber Epoxy, CFRP, GFRP, Bone"
0.814067573236011,0.12641864045819476,0.010987421774564417,0.015944413591742937,0.03258195093948704,0.9575697733770198,4,"PP, PE, HDPE, LDPE, UHMWPE, PS, Adipose Tissue"
0.6539358783834691,0.05457091530645458,0.17227095465729825,0.1022456021204139,0.01697664953236424,1.2504375312239235,2,"Nylon 6, Nylon 6-6, Kevlar, Nomex, Polyimide, TPU"
0.9744709367393515,0.00875670986381798,0.009535887905303362,0.007236465491527286,0.0,2.2778272369461035,5,"Carbon Fiber, Graphite, Graphene, Diamond, Carbon Nanotubes"
0.8331558612016271,0.15040366467572336,0.016440474122649724,0.0,0.0,0.9457331787206138,4,"PP, PE, HDPE, LDPE, UHMWPE, PS, Adipose Tissue"
0.0,0.0,0.4965031564715913,0.013003568889257602,0.4904932746391511,2.459027078018843,1,"Fiberglass, Silicon, Silicon Carbide, Silica, Glass, Borosilicate Glass, Aluminosilicate Glass"
0.050283081643993637,0.011630325374760291,0.36156584194389446,0.0,0.5765207510373517,2.8953569762387104,1,"Fiberglass, Silicon, Silicon Carbide, Silica, Glass, Borosilicate Glass, Aluminosilicate Glass"
0.08621863608925548,0.0,0.3397801352311698,0.0,0.5740012286795747,2.5048569533599725,1,"Fiberglass, Silicon, Silicon Carbide, Silica, Glass, Borosilicate Glass, Aluminosilicate Glass"
0.9840837695117963,1.6318396253302816e-05,0.015899912091950408,0.0,0.0,2.244970389286276,5,"Carbon Fiber, Graphite, Graphene, Diamond, Carbon Nanotubes"
0.11796416869409394,0.08655673980518652,0.7639053825611264,0.016413558727945563,0.015160150211647454,1.0005365376839206,3,"Water, Ice, Soft Tissue, Muscle"
0.6200431921345957,0.10204147552519031,0.18012206435315403,0.08921390030698458,0.00857936768007546,1.2775032821550172,2,"Nylon 6, Nylon 6-6, Kevlar, Nomex, Polyimide, TPU"
0.001283652999834245,0.0,0.3917166899814465,0.01682612562162886,0.5901735313970905,2.579531892648808,1,"Fiberglass, Silicon, Silicon Carbide, Silica, Glass, Borosilicate Glass, Aluminosilicate Glass"
0.010369725985691946,0.11882257666415277,0.8708076973501552,0.0,0.0,0.9774699451080726,3,"Water, Ice, Soft Tissue, Muscle"
0.0,0.0,0.5169229319272919,0.004189947662780772,0.4788871204099272,2.5281037812599076,1,"Fiberglass, Silicon, Silicon Carbide, Silica, Glass, Borosilicate Glass, Aluminosilicate Glass"
0.10161921749767139,0.03434706487027635,0.37938004027204814,0.0,0.48465367736000414,2.537148789450975,1,"Fiberglass, Silicon, Silicon Carbide, Silica, Glass, Borosilicate Glass, Aluminosilicate Glass"
0.0,0.0024290506694144617,0.5452807172595043,0.0,0.4522902320710812,2.528822265504189,1,"Fiberglass, Silicon, Silicon Carbide, Silica, Glass, Borosilicate Glass, Aluminosilicate Glass"
0.023496146277833477,0.0,0.47336902218281385,0.0,0.5031348315393527,2.2511848317474588,1,"Fiberglass, Silicon, Silicon Carbide, Silica, Glass, Borosilicate Glass, Aluminosilicate Glass"
0.6288913947883864,0.056147123941673635,0.17050004364865146,0.009257201056028492,0.13520423656525993,1.5615448555216223,0,"PVC, PET, PEEK, PTFE, PVDF, Polycarbonate, PMMA, PDMS, Silicone Rubber, Epoxy, Phenolic Resin, Carbon Fiber Epoxy, Glass Fiber Epoxy, CFRP, GFRP, Bone"
0.9812110705185807,0.0,0.0,0.00465227369260693,0.014136655788812359,2.651028798557528,5,"Carbon Fiber, Graphite, Graphene, Diamond, Carbon Nanotubes"
0.06018955443122771,0.0992102335226668,0.8107070419952223,0.02132830118317517,0.00856486886770798,0.9837764703050905,3,"Water, Ice, Soft Tissue, Muscle"
0.8253455842461208,0.11366101432437166,0.026837556698382725,0.03415584473112481,0.0,0.955619373592087,4,"PP, PE, HDPE, LDPE, UHMWPE, PS, Adipose Tissue"
0.6252788937189597,0.09243263427930627,0.1786855104608715,0.09875352653362664,0.004849435007235843,1.3256438897066576,2,"Nylon 6, Nylon 6-6, Kevlar, Nomex, Polyimide, TPU"
0.6597467962543123,0.04071838141126812,0.1787485859038159,0.09920917577348884,0.02157706065711482,1.2733720773241297,2,"Nylon 6, Nylon 6-6, Kevlar, Nomex, Polyimide, TPU"
0.7963195702114207,0.13210230122207528,0.03727608926772904,0.02917261516418175,0.005129424134593259,0.969707761953505,4,"PP, PE, HDPE, LDPE, UHMWPE, PS, Adipose Tissue"
0.9551630176489924,0.01133767426111557,0.0,0.03349930808989206,0.0,2.202107177115606,5,"Carbon Fiber, Graphite, Graphene, Diamond, Carbon Nanotubes"
0.9786520428288613,0.0,0.02134795717113865,0.0,0.0,2.264022732439022,5,"Carbon Fiber, Graphite, Graphene, Diamond, Carbon Nanotubes"
0.5570646632244034,0.05594944737941194,0.24466956283685623,0.0,0.14231632655932855,1.5117904622545715,0,"PVC, PET, PEEK, PTFE, PVDF, Polycarbonate, PMMA, PDMS, Silicone Rubber, Epoxy, Phenolic Resin, Carbon Fiber Epoxy, Glass Fiber Epoxy, CFRP, GFRP, Bone"
0.7942531667723627,0.13548137999464982,0.060294659339706916,0.009970793893280684,0.0,0.9594730860136649,4,"PP, PE, HDPE, LDPE, UHMWPE, PS, Adipose Tissue"
0.8760013862980508,0.11269160174246044,0.011307011959488833,0.0,0.0,0.9653560249946336,4,"PP, PE, HDPE, LDPE, UHMWPE, PS, Adipose Tissue"
0.019045120556023126,0.0,0.5240847064931473,0.0,0.4568701729508296,2.3598575767738788,1,"Fiberglass, Silicon, Silicon Carbide, Silica, Glass, Borosilicate Glass, Aluminosilicate Glass"
0.01709779004221998,0.002559805274589783,0.4673428551849911,0.019344307350843734,0.49365524214735546,2.5850490206587464,1,"Fiberglass, Silicon, Silicon Carbide, Silica, Glass, Borosilicate Glass, Aluminosilicate Glass"
0.09772713461729897,0.08269572797724174,0.7714618350072782,0.02898408530209297,0.019131217096088213,1.1017746799997454,3,"Water, Ice, Soft Tissue, Muscle"
0.0212369196200377,0.0,0.3743272325043758,0.011012053035248926,0.5934237948403375,2.4193981503827886,1,"Fiberglass, Silicon, Silicon Carbide, Silica, Glass, Borosilicate Glass, Aluminosilicate Glass"
0.020622985893276057,0.13662797459209006,0.8160074131231576,0.024862290843765542,0.0018793355477108276,0.9777495811808681,3,"Water, Ice, Soft Tissue, Muscle"
0.9534885140536367,0.0,0.03340382385999752,0.008574872888143648,0.004532789198222091,2.7814529213501005,5,"Carbon Fiber, Graphite, Graphene, Diamond, Carbon Nanotubes"
0.9986503740927762,0.0,0.0,0.0,0.00134962590722376,1.8675700741704548,5,"Carbon Fiber, Graphite, Graphene, Diamond, Carbon Nanotubes"
0.025698037018330844,0.006720569757246381,0.47735855431071395,0.0,0.49022283891370877,2.3760370620351994,1,"Fiberglass, Silicon, Silicon Carbide, Silica, Glass, Borosilicate Glass, Aluminosilicate Glass"
0.7428902796810789,0.025832672454718063,0.16416590966176578,0.0,0.06711113820243726,1.5859564864394093,0,"PVC, PET, PEEK, PTFE, PVDF, Polycarbonate, PMMA, PDMS, Silicone Rubber, Epoxy, Phenolic Resin, Carbon Fiber Epoxy, Glass Fiber Epoxy, CFRP, GFRP, Bone"
0.039754961077696986,0.08232288895861094,0.8694953830745521,0.008426766889139948,0.0,1.0832544041896857,3,"Water, Ice, Soft Tissue, Muscle"
0.0615524418485541,0.032994148113926446,0.3095709922003266,0.0,0.5958824178371929,2.6108105582778163,1,"Fiberglass, Silicon, Silicon Carbide, Silica, Glass, Borosilicate Glass, Aluminosilicate Glass"
0.10085852375097804,0.11478609929080039,0.7843553769582216,0.0,0.0,1.0100245259496794,3,"Water, Ice, Soft Tissue, Muscle"
0.852513701885589,0.113335137387577,0.022202874532164817,0.011948286194669101,0.0,0.9014714569816018,4,"PP, PE, HDPE, LDPE, UHMWPE, PS, Adipose Tissue"
0.9397669042206844,0.023278945762995416,0.009353734911651056,0.02688247153107301,0.0007179435735962871,2.367291504768884,5,"Carbon Fiber, Graphite, Graphene, Diamond, Carbon Nanotubes"
0.6100269199097429,0.06781222407190787,0.2058612588037962,0.11158328875813231,0.004716308456420844,1.1756155129153445,2,"Nylon 6, Nylon 6-6, Kevlar, Nomex, Polyimide, TPU"
0.6889715359557054,0.07127667648488431,0.18964637857090702,0.012240109117598942,0.03786529987090446,1.3276563240963937,0,"PVC, PET, PEEK, PTFE, PVDF, Polycarbonate, PMMA, PDMS, Silicone Rubber, Epoxy, Phenolic Resin, Carbon Fiber Epoxy, Glass Fiber Epoxy, CFRP, GFRP, Bone"
0.0,0.009384147100462547,0.4120126623938292,0.023581169780401347,0.5550220207253069,2.387200863532149,1,"Fiberglass, Silicon, Silicon Carbide, Silica, Glass, Borosilicate Glass, Aluminosilicate Glass"
0.058504217295001416,0.12572828889684537,0.7952810842069676,0.020486409601185595,0.0,1.012627534619561,3,"Water, Ice, Soft Tissue, Muscle"
0.6338122987812081,0.050341496543944174,0.1619783272406293,0.11286806193042778,0.040999815503790615,1.3831810220045189,2,"Nylon 6, Nylon 6-6, Kevlar, Nomex, Polyimide, TPU"
0.021115920235960435,0.0,0.2857317928649762,0.0,0.6931522868990635,2.5604252226659394,1,"Fiberglass, Silicon, Silicon Carbide, Silica, Glass, Borosilicate Glass, Aluminosilicate Glass"
0.06703224937122138,0.10979186896434746,0.8068787064717908,0.01629717519264018,0.0,0.992330524665445,3,"Water, Ice, Soft Tissue, Muscle"
0.08362809138343262,0.10468009490846675,0.7416724300893213,0.050968570007799974,0.019050813610979506,1.0136910484625576,3,"Water, Ice, Soft Tissue, Muscle"
0.931530764453835,0.013177086122758433,0.022671173792085435,0.026439983570560786,0.006180992060760401,2.144868843691115,5,"Carbon Fiber, Graphite, Graphene, Diamond, Carbon Nanotubes"
0.9887876842497614,0.0,0.01121231575023862,0.0,0.0,1.9033002805678865,5,"Carbon Fiber, Graphite, Graphene, Diamond, Carbon Nanotubes"
0.6091117915048078,0.031266317712424795,0.22896618000421953,0.11285749210392106,0.01779821867462701,1.378668174145586,2,"Nylon 6, Nylon 6-6, Kevlar, Nomex, Polyimide, TPU"
0.06642895153762947,0.07607575945148388,0.8219959150066145,0.02020298860167311,0.01529638540259907,0.928465733435806,3,"Water, Ice, Soft Tissue, Muscle"
0.05179834203274453,0.08377058329812058,0.8466705080088683,0.017760566660266503,0.0,0.9069210504761082,3,"Water, Ice, Soft Tissue, Muscle"
0.7873004130935274,0.1400998930001653,0.07259969390630726,0.0,0.0,0.938973991904004,4,"PP, PE, HDPE, LDPE, UHMWPE, PS, Adipose Tissue"
0.6013518330681525,0.048885044433479075,0.23217987559725048,0.02448140305944563,0.09310184384167218,1.382297585842297,0,"PVC, PET, PEEK, PTFE, PVDF, Polycarbonate, PMMA, PDMS, Silicone Rubber, Epoxy, Phenolic Resin, Carbon Fiber Epoxy, Glass Fiber Epoxy, CFRP, GFRP, Bone"
0.8475720175774311,0.12828852527150064,0.013685106861561405,0.0,0.01045435028950695,1.0184160854725008,4,"PP, PE, HDPE, LDPE, UHMWPE, PS, Adipose Tissue"
0.6262178624828434,0.07525612372276763,0.1542438768798519,0.13417335798030092,0.010108778934236305,1.2323057707154559,2,"Nylon 6, Nylon 6-6, Kevlar, Nomex, Polyimide, TPU"
0.04102683532064892,0.0,0.4024808606651675,0.0,0.5564923040141835,2.557895835196023,1,"Fiberglass, Silicon, Silicon Carbide, Silica, Glass, Borosilicate Glass, Aluminosilicate Glass"
0.9879347438024143,0.012065256197585668,0.0,0.0,0.0,2.4664769014052688,5,"Carbon Fiber, Graphite, Graphene, Diamond, Carbon Nanotubes"
0.7296850171612844,0.059926797763983165,0.16400983037951175,0.0020352189486077346,0.0443431357466129,1.4052195547133857,0,"PVC, PET, PEEK, PTFE, PVDF, Polycarbonate, PMMA, PDMS, Silicone Rubber, Epoxy, Phenolic Resin, Carbon Fiber Epoxy, Glass Fiber Epoxy, CFRP, GFRP, Bone"
0.6477377048576826,0.07994382695509226,0.1477188051455472,0.10141184123232766,0.02318782180935048,1.2887348433694534,2,"Nylon 6, Nylon 6-6, Kevlar, Nomex, Polyimide, TPU"
0.8205420350137095,0.13268069886966963,0.04677726611662088,0.0,0.0,1.0510638160113266,4,"PP, PE, HDPE, LDPE, UHMWPE, PS, Adipose Tissue"
0.8190087001938549,0.1277695522890918,0.03721103908821791,0.016010708428835296,0.0,0.9352095544283084,4,"PP, PE, HDPE, LDPE, UHMWPE, PS, Adipose Tissue"
0.007466890106563644,0.008796368214991756,0.5642344503212545,0.0,0.41950229135719014,2.2344903051627596,1,"Fiberglass, Silicon, Silicon Carbide, Silica, Glass, Borosilicate Glass, Aluminosilicate Glass"
0.6373370007449578,0.043794121148922054,0.18981927330998366,0.124807121461968,0.004242483334168482,1.3234369416728657,2,"Nylon 6, Nylon 6-6, Kevlar, Nomex, Polyimide, TPU"
0.016040389713193496,0.12930402751370562,0.8516407645272592,0.0,0.0030148182458416125,1.0483219381048459,3,"Water, Ice, Soft Tissue, Muscle"
0.9794675664737389,0.0,0.013761154965220315,0.0,0.006771278561040748,2.520891101198134,5,"Carbon Fiber, Graphite, Graphene, Diamond, Carbon Nanotubes"
0.675449636514959,0.03790149011208562,0.21172703163133355,0.005138974448101826,0.06978286729352,1.6276217237593276,0,"PVC, PET, PEEK, PTFE, PVDF, Polycarbonate, PMMA, PDMS, Silicone Rubber, Epoxy, Phenolic Resin, Carbon Fiber Epoxy, Glass Fiber Epoxy, CFRP, GFRP, Bone"
0.005726736738212111,0.0,0.4682543894705508,0.0004626597571339035,0.5255562140341032,2.3843151922335992,1,"Fiberglass, Silicon, Silicon Carbide, Silica, Glass, Borosilicate Glass, Aluminosilicate Glass"
0.03201431129519502,0.028975267876269965,0.2786033245662652,0.024468887237079108,0.6359382090251907,2.3684928168933914,1,"Fiberglass, Silicon, Silicon Carbide, Silica, Glass, Borosilicate Glass, Aluminosilicate Glass"
0.02950364849402724,0.0,0.4374527802927462,0.0,0.5330435712132265,2.668295428569509,1,"Fiberglass, Silicon, Silicon Carbide, Silica, Glass, Borosilicate Glass, Aluminosilicate Glass"
0.6665867044031039,0.036035684764299636,0.1746195987696891,0.11327461795729853,0.00948339410560889,1.3219390343716961,2,"Nylon 6, Nylon 6-6, Kevlar, Nomex, Polyimide, TPU"
0.7099588532482446,0.06839859209295533,0.1847923758716698,0.012001104657423557,0.02484907412970664,1.432237747892148,0,"PVC, PET, PEEK, PTFE, PVDF, Polycarbonate, PMMA, PDMS, Silicone Rubber, Epoxy, Phenolic Resin, Carbon Fiber Epoxy, Glass Fiber Epoxy, CFRP, GFRP, Bone"
0.7465987836928046,0.122287191800441,0.13111402450675427,0.0,0.0,0.9930860088825167,4,"PP, PE, HDPE, LDPE, UHMWPE, PS, Adipose Tissue"
0.9509654668245864,0.029274870336765648,0.0009063629031063227,0.018853299935541495,0.0,2.247547019412956,5,"Carbon Fiber, Graphite, Graphene, Diamond, Carbon Nanotubes"
0.6617885762425221,0.05375473430716274,0.16407336278875934,0.1094647120719472,0.010918614589608642,1.2322054520831225,2,"Nylon 6, Nylon 6-6, Kevlar, Nomex, Polyimide, TPU"
0.044416737168604926,0.005710368051447397,0.42597900991316895,0.0,0.5238938848667788,2.624368958708241,1,"Fiberglass, Silicon, Silicon Carbide, Silica, Glass, Borosilicate Glass, Aluminosilicate Glass"
0.07401866234796618,0.0,0.3442477981822513,0.014455805562861657,0.5672777339069208,2.7423870600384213,1,"Fiberglass, Silicon, Silicon Carbide, Silica, Glass, Borosilicate Glass, Aluminosilicate Glass"
0.6660641371455847,0.08316640449547665,0.15503190504640393,0.09573755331253482,0.0,1.2840930500373053,2,"Nylon 6, Nylon 6-6, Kevlar, Nomex, Polyimide, TPU"
0.7765538059468085,0.15793823117078815,0.005700202455064886,0.025585772298192543,0.034221988129146105,0.9968895323129928,4,"PP, PE, HDPE, LDPE, UHMWPE, PS, Adipose Tissue"
0.0,0.0431986695321624,0.5316391913956553,0.0,0.42516213907218237,2.3570814442375823,1,"Fiberglass, Silicon, Silicon Carbide, Silica, Glass, Borosilicate Glass, Aluminosilicate Glass"
0.9804943582349379,0.0009362821919796356,0.017624594701173512,0.0009447648719089222,0.0,2.02736706817778,5,"Carbon Fiber, Graphite, Graphene, Diamond, Carbon Nanotubes"
0.6704838561677559,0.08946800300234176,0.14949171971713882,0.0905564211127636,0.0,1.3220731992808117,2,"Nylon 6, Nylon 6-6, Kevlar, Nomex, Polyimide, TPU"
0.01836442670328452,0.006321497853612343,0.40756271629766466,0.04284752430585888,0.5249038348395796,2.294328400605962,1,"Fiberglass, Silicon, Silicon Carbide, Silica, Glass, Borosilicate Glass, Aluminosilicate Glass"
0.9707454982517624,0.0,0.024391143748425954,0.0,0.0048633579998117165,2.246492081170851,5,"Carbon Fiber, Graphite, Graphene, Diamond, Carbon Nanotubes"
0.6313217009302923,0.04792830660870657,0.20072054567282663,0.1037847455015095,0.016244701286665133,1.3222735151963594,2,"Nylon 6, Nylon 6-6, Kevlar, Nomex, Polyimide, TPU"
0.0,0.0,0.5033550649042268,0.01367995970444816,0.482964975391325,2.39266181598762,1,"Fiberglass, Silicon, Silicon Carbide, Silica, Glass, Borosilicate Glass, Aluminosilicate Glass"
0.6200051590430405,0.03980161317307943,0.2260403447053471,0.0,0.11415288307853302,1.4629858686701325,0,"PVC, PET, PEEK, PTFE, PVDF, Polycarbonate, PMMA, PDMS, Silicone Rubber, Epoxy, Phenolic Resin, Carbon Fiber Epoxy, Glass Fiber Epoxy, CFRP, GFRP, Bone"
0.7282923154758688,0.13327650094686178,0.1307023899140175,0.0,0.0077287936632520204,1.0324777249823027,4,"PP, PE, HDPE, LDPE, UHMWPE, PS, Adipose Tissue"
0.6758424759568973,0.02480962263945543,0.21234497095414406,0.0,0.08700293044950326,1.4325775101035396,0,"PVC, PET, PEEK, PTFE, PVDF, Polycarbonate, PMMA, PDMS, Silicone Rubber, Epoxy, Phenolic Resin, Carbon Fiber Epoxy, Glass Fiber Epoxy, CFRP, GFRP, Bone"
0.7628069584992815,0.1482208342599367,0.030127465867721488,0.051837212553996585,0.007007528819063733,0.9075990120336241,4,"PP, PE, HDPE, LDPE, UHMWPE, PS, Adipose Tissue"
0.8125799482641036,0.16152123340820182,0.025898818327694636,0.0,0.0,0.9926962489353083,4,"PP, PE, HDPE, LDPE, UHMWPE, PS, Adipose Tissue"
0.6752152074404151,0.07759210411639565,0.1810240459895512,0.008531843556793746,0.057636798896844296,1.2584191033323924,0,"PVC, PET, PEEK, PTFE, PVDF, Polycarbonate, PMMA, PDMS, Silicone Rubber, Epoxy, Phenolic Resin, Carbon Fiber Epoxy, Glass Fiber Epoxy, CFRP, GFRP, Bone"
0.053297653617466516,0.1267946176739802,0.7601677338791011,0.04039941468403495,0.019340580145417455,0.9285758542450543,3,"Water, Ice, Soft Tissue, Muscle"
0.6227211609775095,0.042320585357525295,0.2046036545414788,0.0,0.13035459912348646,1.4857638022005184,0,"PVC, PET, PEEK, PTFE, PVDF, Polycarbonate, PMMA, PDMS, Silicone Rubber, Epoxy, Phenolic Resin, Carbon Fiber Epoxy, Glass Fiber Epoxy, CFRP, GFRP, Bone"
0.0011065436618279809,0.0,0.45050948459389195,0.0033856670438792208,0.5449983047004009,2.5289030966619803,1,"Fiberglass, Silicon, Silicon Carbide, Silica, Glass, Borosilicate Glass, Aluminosilicate Glass"
0.8675140789516211,0.11969011470963778,0.012795806338741066,0.0,0.0,1.0209581196304147,4,"PP, PE, HDPE, LDPE, UHMWPE, PS, Adipose Tissue"
0.10899643095763446,0.0,0.3081181071916503,0.0,0.5828854618507153,2.677003068076995,1,"Fiberglass, Silicon, Silicon Carbide, Silica, Glass, Borosilicate Glass, Aluminosilicate Glass"
0.9664668391632539,0.0,0.01664704045582083,0.016614108087015047,0.0002720122939101472,2.1002438125910197,5,"Carbon Fiber, Graphite, Graphene, Diamond, Carbon Nanotubes"
0.05060402555816951,0.13261979286607534,0.7757441826261013,0.009624966116485398,0.031407032833168466,1.0848979598642048,3,"Water, Ice, Soft Tissue, Muscle"
0.8446283700787723,0.13091050244379937,0.0,0.00015701361344783792,0.024304113863980296,0.939417301682279,4,"PP, PE, HDPE, LDPE, UHMWPE, PS, Adipose Tissue"
0.8212113358473969,0.029604543247345603,0.14918412090525748,0.0,0.0,1.572087948337368,0,"PVC, PET, PEEK, PTFE, PVDF, Polycarbonate, PMMA, PDMS, Silicone Rubber, Epoxy, Phenolic Resin, Carbon Fiber Epoxy, Glass Fiber Epoxy, CFRP, GFRP, Bone"
0.07988797854245878,0.07908375391005715,0.8126704215562607,0.011975449922560895,0.016382396068662427,1.0170913387294906,3,"Water, Ice, Soft Tissue, Muscle"
0.1088858326238759,0.0,0.3163434582296578,0.02115007533656501,0.5536206338099012,2.68926956089087,1,"Fiberglass, Silicon, Silicon Carbide, Silica, Glass, Borosilicate Glass, Aluminosilicate Glass"
0.9644595646370675,0.0,0.011688796217092625,0.0238516391458397,0.0,3.076452924355103,5,"Carbon Fiber, Graphite, Graphene, Diamond, Carbon Nanotubes"
0.0,0.1154651744950804,0.8839475815548795,0.0005872439500401025,0.0,0.9561595256107056,3,"Water, Ice, Soft Tissue, Muscle"
0.8469354803148939,0.12184477797872746,0.01838745922310187,0.012832282483276775,0.0,0.9433978725666317,4,"PP, PE, HDPE, LDPE, UHMWPE, PS, Adipose Tissue"
0.7473878527071379,0.11589370940914973,0.1312908623181534,0.0,0.0054275755655590115,0.9295888693290102,4,"PP, PE, HDPE, LDPE, UHMWPE, PS, Adipose Tissue"
0.1025289522767858,0.02174029241867238,0.32507204469336703,0.0,0.5506587106111749,2.8138315857499014,1,"Fiberglass, Silicon, Silicon Carbide, Silica, Glass, Borosilicate Glass, Aluminosilicate Glass"
0.6399151523770835,0.07002846549125485,0.1906719669253465,0.09938441520631516,0.0,1.233310586760174,2,"Nylon 6, Nylon 6-6, Kevlar, Nomex, Polyimide, TPU"
0.6036623910712425,0.08254833375491187,0.19236902840006292,0.11321546508969184,0.00820478168409093,1.247098659299729,2,"Nylon 6, Nylon 6-6, Kevlar, Nomex, Polyimide, TPU"
0.9927582033292861,0.007241796670713884,0.0,0.0,0.0,3.123070493043244,5,"Carbon Fiber, Graphite, Graphene, Diamond, Carbon Nanotubes"
0.7323923794633901,0.053038169242491835,0.16767083105663674,0.0,0.04689862023748137,1.4034433954234413,0,"PVC, PET, PEEK, PTFE, PVDF, Polycarbonate, PMMA, PDMS, Silicone Rubber, Epoxy, Phenolic Resin, Carbon Fiber Epoxy, Glass Fiber Epoxy, CFRP, GFRP, Bone"
0.7302207147554315,0.022580644436744096,0.18142687515878328,0.0,0.0657717656490411,1.3314108791840222,0,"PVC, PET, PEEK, PTFE, PVDF, Polycarbonate, PMMA, PDMS, Silicone Rubber, Epoxy, Phenolic Resin, Carbon Fiber Epoxy, Glass Fiber Epoxy, CFRP, GFRP, Bone"
0.6323042245655734,0.08206984723979788,0.19357037825495663,0.08998193239870265,0.0020736175409695762,1.3273454234925923,2,"Nylon 6, Nylon 6-6, Kevlar, Nomex, Polyimide, TPU"
0.840526674238891,0.15788796510701983,0.0015853606540890844,0.0,0.0,0.8127722041848356,4,"PP, PE, HDPE, LDPE, UHMWPE, PS, Adipose Tissue"
0.0558591358306685,0.11973681239990208,0.8131647611412819,0.0103149036736023,0.000924386954545348,0.9143220849804492,3,"Water, Ice, Soft Tissue, Muscle"
0.9460115215994646,0.0,0.02086061896597275,0.029898103222203248,0.0032297562123594407,2.2399312987680307,5,"Carbon Fiber, Graphite, Graphene, Diamond, Carbon Nanotubes"
0.7616019327421009,0.1051719507565647,0.10075313878416345,0.02960710014421016,0.002865877572960846,1.0368787379611855,4,"PP, PE, HDPE, LDPE, UHMWPE, PS, Adipose Tissue"
0.7025734174654017,0.057507375650777355,0.14357633512211534,0.0,0.0963428717617055,1.587382949618345,0,"PVC, PET, PEEK, PTFE, PVDF, Polycarbonate, PMMA, PDMS, Silicone Rubber, Epoxy, Phenolic Resin, Carbon Fiber Epoxy, Glass Fiber Epoxy, CFRP, GFRP, Bone"
0.8262116946344178,0.12084378069637011,0.05294452466921212,0.0,0.0,0.9365625589784458,4,"PP, PE, HDPE, LDPE, UHMWPE, PS, Adipose Tissue"
0.6427257536790808,0.047605994826752554,0.1603866700250555,0.14714705712864254,0.0021345243404685054,1.4302068500747043,2,"Nylon 6, Nylon 6-6, Kevlar, Nomex, Polyimide, TPU"
0.8102253236916392,0.12015900892367228,0.04316835139010131,0.0264473159945872,0.0,0.9455479031701031,4,"PP, PE, HDPE, LDPE, UHMWPE, PS, Adipose Tissue"
0.09401359452258777,0.11197212856608309,0.7300581631440121,0.053520048810415395,0.010436064956901693,1.1005562051348414,3,"Water, Ice, Soft Tissue, Muscle"
0.04635153925972462,0.0,0.42389392082130445,0.008888126158108384,0.5208664137608625,2.4224385213022543,1,"Fiberglass, Silicon, Silicon Carbide, Silica, Glass, Borosilicate Glass, Aluminosilicate Glass"
0.06706594817582555,0.08738809399476567,0.8455459578294088,0.0,0.0,0.9695774565577315,3,"Water, Ice, Soft Tissue, Muscle"
0.07038709752985854,0.11250245663545526,0.7942319216196965,0.01437846557899062,0.008500058635999145,0.934608297341209,3,"Water, Ice, Soft Tissue, Muscle"
0.10315905455823471,0.014286705636727196,0.37267267832475715,0.013612876271785432,0.49626868520849554,2.714409187817474,1,"Fiberglass, Silicon, Silicon Carbide, Silica, Glass, Borosilicate Glass, Aluminosilicate Glass"
0.7609264359053041,0.09829837889934004,0.12959008525659318,0.011185099938762726,0.0,1.0262394453743655,4,"PP, PE, HDPE, LDPE, UHMWPE, PS, Adipose Tissue"
0.8179300193317708,0.12353084042624542,0.013237806583970712,0.0,0.04530133365801306,0.9721524307723483,4,"PP, PE, HDPE, LDPE, UHMWPE, PS, Adipose Tissue"
0.047507123052549685,0.1156491042762833,0.8299775172737478,0.002219372685171229,0.00464688271224778,1.0295120495429282,3,"Water, Ice, Soft Tissue, Muscle"
0.6041542381620368,0.03942140952765538,0.25366348219815743,0.0,0.10276087011215043,1.5332109715423128,0,"PVC, PET, PEEK, PTFE, PVDF, Polycarbonate, PMMA, PDMS, Silicone Rubber, Epoxy, Phenolic Resin, Carbon Fiber Epoxy, Glass Fiber Epoxy, CFRP, GFRP, Bone"
0.006349230752383135,0.0,0.41832169971478445,0.0,0.5753290695328325,2.6485671118127443,1,"Fiberglass, Silicon, Silicon Carbide, Silica, Glass, Borosilicate Glass, Aluminosilicate Glass"
0.059123959297931176,0.11880788727622181,0.8187756937963038,0.0,0.0032924596295433664,1.001755123593542,3,"Water, Ice, Soft Tissue, Muscle"
0.7530291836474536,0.12521707319905714,0.09077486815298032,0.03097887500050886,0.0,1.01301098125134,4,"PP, PE, HDPE, LDPE, UHMWPE, PS, Adipose Tissue"
0.6529592543253384,0.05979599765760303,0.18656205691895028,0.0907240587001953,0.009958632397912866,1.3438559652277973,2,"Nylon 6, Nylon 6-6, Kevlar, Nomex, Polyimide, TPU"
0.08049899637292761,0.135308085045847,0.7719669604954366,0.01222595808578888,0.0,0.9520907469467464,3,"Water, Ice, Soft Tissue, Muscle"
0.6809229358743685,0.06644181064062946,0.15980221497721175,0.0,0.09283303850779043,1.536125605066813,0,"PVC, PET, PEEK, PTFE, PVDF, Polycarbonate, PMMA, PDMS, Silicone Rubber, Epoxy, Phenolic Resin, Carbon Fiber Epoxy, Glass Fiber Epoxy, CFRP, GFRP, Bone"
0.6910930841886479,0.028261141250942177,0.1975919587643414,0.0,0.0830538157960684,1.4237804894025559,0,"PVC, PET, PEEK, PTFE, PVDF, Polycarbonate, PMMA, PDMS, Silicone Rubber, Epoxy, Phenolic Resin, Carbon Fiber Epoxy, Glass Fiber Epoxy, CFRP, GFRP, Bone"
0.8260304031814422,0.13774765107845044,0.01792210043893585,0.018299845301171513,0.0,1.0570763763718605,4,"PP, PE, HDPE, LDPE, UHMWPE, PS, Adipose Tissue"
0.9455456518555342,0.0,0.0,0.050999026560018486,0.003455321584447251,2.0393283917835516,5,"Carbon Fiber, Graphite, Graphene, Diamond, Carbon Nanotubes"
0.9641799089454463,0.0,0.03454463141075735,0.0,0.001275459643796488,2.1971004817513524,5,"Carbon Fiber, Graphite, Graphene, Diamond, Carbon Nanotubes"
0.06455018084840172,0.12225684735450147,0.81003590142583,0.0031570703712665306,0.0,1.0505072590824467,3,"Water, Ice, Soft Tissue, Muscle"
0.8025437045551003,0.15740572473693004,0.040050570707969815,0.0,0.0,0.9117905761528904,4,"PP, PE, HDPE, LDPE, UHMWPE, PS, Adipose Tissue"
0.11772003425610836,0.08966671365219589,0.7717530087322899,0.020860243359405856,0.0,0.9755757545404006,3,"Water, Ice, Soft Tissue, Muscle"
0.9712086390981312,0.0,0.028791360901868863,0.0,0.0,2.7730027471672503,5,"Carbon Fiber, Graphite, Graphene, Diamond, Carbon Nanotubes"
0.6404171440825148,0.04114529437715652,0.19688553876729536,0.12155202277303329,0.0,1.5171645738954902,2,"Nylon 6, Nylon 6-6, Kevlar, Nomex, Polyimide, TPU"
0.962179947326648,0.0002951039201931035,0.0,0.020166331958234935,0.017358616794923922,1.9756719222987837,5,"Carbon Fiber, Graphite, Graphene, Diamond, Carbon Nanotubes"
0.5941943082107088,0.0482319624402897,0.2116445573317004,0.13411403290815488,0.011815139109146177,1.3609097447743055,2,"Nylon 6, Nylon 6-6, Kevlar, Nomex, Polyimide, TPU"
0.6079904433332217,0.05211171316942736,0.26229126415974796,0.016795159351671234,0.060811419985931744,1.5828165193913009,0,"PVC, PET, PEEK, PTFE, PVDF, Polycarbonate, PMMA, PDMS, Silicone Rubber, Epoxy, Phenolic Resin, Carbon Fiber Epoxy, Glass Fiber Epoxy, CFRP, GFRP, Bone"
0.07513078836755242,0.11224448658037374,0.8100486710636003,0.0,0.002576053988473564,0.9758736779633436,3,"Water, Ice, Soft Tissue, Muscle"
0.9565610243661723,0.029466334578216086,0.009389252325289288,0.004583388730322292,0.0,2.2418992222635588,5,"Carbon Fiber, Graphite, Graphene, Diamond, Carbon Nanotubes"
0.09858280700386554,0.09532943750680777,0.7867795632515717,0.0,0.01930819223775514,1.020751098610349,3,"Water, Ice, Soft Tissue, Muscle"
0.9998228208294789,0.000177179170521069,0.0,0.0,0.0,2.1139483661569245,5,"Carbon Fiber, Graphite, Graphene, Diamond, Carbon Nanotubes"
0.6128954893843067,0.06148524584633909,0.20931481554749407,0.09475474594991587,0.021549703271944356,1.2617730394100546,2,"Nylon 6, Nylon 6-6, Kevlar, Nomex, Polyimide, TPU"
0.6851721976738113,0.06949546643764407,0.18017567446096827,0.0,0.06515666142757641,1.3723204766765889,0,"PVC, PET, PEEK, PTFE, PVDF, Polycarbonate, PMMA, PDMS, Silicone Rubber, Epoxy, Phenolic Resin, Carbon Fiber Epoxy, Glass Fiber Epoxy, CFRP, GFRP, Bone"
0.6343956916720054,0.043208080841797725,0.22173114245060954,0.1006650850355873,0.0,1.401690821269218,2,"Nylon 6, Nylon 6-6, Kevlar, Nomex, Polyimide, TPU"
0.8130621576612359,0.12119440916684363,0.06210244379151447,0.0036409893804059735,0.0,0.9008601262330806,4,"PP, PE, HDPE, LDPE, UHMWPE, PS, Adipose Tissue"
0.7751444837766012,0.12398837182468318,0.1008671443987156,0.0,0.0,0.8793300304738819,4,"PP, PE, HDPE, LDPE, UHMWPE, PS, Adipose Tissue"
0.10501503814378559,0.0,0.30793953743831826,0.0,0.5870454244178962,2.7942008082443923,1,"Fiberglass, Silicon, Silicon Carbide, Silica, Glass, Borosilicate Glass, Aluminosilicate Glass"
0.6235936876955706,0.06782923746187841,0.19286588138509447,0.10186150043702528,0.013849693020431158,1.3565231813054381,2,"Nylon 6, Nylon 6-6, Kevlar, Nomex, Polyimide, TPU"
0.6439362531543651,0.07055755661238478,0.16531895894909698,0.0,0.12018723128415319,1.5557155125685318,0,"PVC, PET, PEEK, PTFE, PVDF, Polycarbonate, PMMA, PDMS, Silicone Rubber, Epoxy, Phenolic Resin, Carbon Fiber Epoxy, Glass Fiber Epoxy, CFRP, GFRP, Bone"
1.0,0.0,0.0,0.0,0.0,2.1892610566637747,5,"Carbon Fiber, Graphite, Graphene, Diamond, Carbon Nanotubes"
0.6157265550992025,0.05883297323780292,0.2298511984062442,0.0356849405133037,0.05990433274344661,1.5521895222766389,0,"PVC, PET, PEEK, PTFE, PVDF, Polycarbonate, PMMA, PDMS, Silicone Rubber, Epoxy, Phenolic Resin, Carbon Fiber Epoxy, Glass Fiber Epoxy, CFRP, GFRP, Bone"
0.9634905044830644,0.021101434565073917,0.015408060951861856,0.0,0.0,2.0744232520501087,5,"Carbon Fiber, Graphite, Graphene, Diamond, Carbon Nanotubes"
0.8660886688977815,0.11034812848943674,0.01287681948985837,0.0,0.010686383122923306,0.8831655613685974,4,"PP, PE, HDPE, LDPE, UHMWPE, PS, Adipose Tissue"
0.687610992570634,0.039752709160128394,0.20179395836053488,0.014389763885171162,0.05645257602353161,1.7615870626784864,0,"PVC, PET, PEEK, PTFE, PVDF, Polycarbonate, PMMA, PDMS, Silicone Rubber, Epoxy, Phenolic Resin, Carbon Fiber Epoxy, Glass Fiber Epoxy, CFRP, GFRP, Bone"
0.054125367422649395,0.10204520870442652,0.7983971667219047,0.04146452475019458,0.003967732400824775,0.9756485253890932,3,"Water, Ice, Soft Tissue, Muscle"
0.0,0.12812648360915382,0.8628124372254827,0.0,0.00906107916536344,0.8964556892464146,3,"Water, Ice, Soft Tissue, Muscle"
0.025982388923227392,0.13345420934683833,0.8223064365932197,0.018256965136714615,0.0,1.011637032957257,3,"Water, Ice, Soft Tissue, Muscle"
0.014429576908088085,0.003350296449364285,0.17908111114340222,0.0,0.8031390154991455,2.584740026740829,1,"Fiberglass, Silicon, Silicon Carbide, Silica, Glass, Borosilicate Glass, Aluminosilicate Glass"
0.6406077405342053,0.053888680553855345,0.19260472881746035,0.11289885009447892,0.0,1.2353789754078348,2,"Nylon 6, Nylon 6-6, Kevlar, Nomex, Polyimide, TPU"
0.6535166287333307,0.04469940027901635,0.17766268139080124,0.0969350749239217,0.027186214672930007,1.3262927778732252,2,"Nylon 6, Nylon 6-6, Kevlar, Nomex, Polyimide, TPU"
0.12255938365821603,0.035538479112067735,0.1921637666326257,0.0,0.6497383705970906,2.717772468496364,1,"Fiberglass, Silicon, Silicon Carbide, Silica, Glass, Borosilicate Glass, Aluminosilicate Glass"
0.6665298101872515,0.03612053660648715,0.16619239920086173,0.13115725400539957,0.0,1.349404624639712,2,"Nylon 6, Nylon 6-6, Kevlar, Nomex, Polyimide, TPU"
0.8419981168464045,0.12584262743635383,0.005895837201110062,0.0,0.026263418516131582,0.9877452187632179,4,"PP, PE, HDPE, LDPE, UHMWPE, PS, Adipose Tissue"
0.6233005284280023,0.04641460944814006,0.2071030843791134,0.11687732031725201,0.006304457427492125,1.315880918245638,2,"Nylon 6, Nylon 6-6, Kevlar, Nomex, Polyimide, TPU"
0.9074584690191805,0.0,0.023809126187677023,0.02302065234253193,0.04571175245061047,2.4398571492488887,5,"Carbon Fiber, Graphite, Graphene, Diamond, Carbon Nanotubes"
0.5757121141937673,0.07992644188561632,0.20729271994051854,0.0232089016717252,0.11385982230837256,1.6514850676020572,0,"PVC, PET, PEEK, PTFE, PVDF, Polycarbonate, PMMA, PDMS, Silicone Rubber, Epoxy, Phenolic Resin, Carbon Fiber Epoxy, Glass Fiber Epoxy, CFRP, GFRP, Bone"
0.04255425766908914,0.05453875364936657,0.8684410673557141,0.0344659213258301,0.0,0.9950335640969947,3,"Water, Ice, Soft Tissue, Muscle"
0.5950475983857982,0.07038431377525156,0.20815938925352273,0.1107837847002293,0.015624913885198119,1.2689299898010051,2,"Nylon 6, Nylon 6-6, Kevlar, Nomex, Polyimide, TPU"
0.6390213592420618,0.06551660190250945,0.17866565156494663,0.11679638729048224,0.0,1.2496108424474757,2,"Nylon 6, Nylon 6-6, Kevlar, Nomex, Polyimide, TPU"
0.6391991313389095,0.0480095283570599,0.20043155588879016,0.11235978441524046,0.0,1.3843216272288612,2,"Nylon 6, Nylon 6-6, Kevlar, Nomex, Polyimide, TPU"
0.8489501452951882,0.12337708486783233,0.004834675378426263,0.022838094458553147,0.0,0.8909758990507309,4,"PP, PE, HDPE, LDPE, UHMWPE, PS, Adipose Tissue"
0.015623498255818795,0.0,0.46049764657463105,0.022669553618050002,0.5012093015515001,2.4934806171336197,1,"Fiberglass, Silicon, Silicon Carbide, Silica, Glass, Borosilicate Glass, Aluminosilicate Glass"
0.9857030667311794,0.0021791308111295676,0.007491804556253839,0.004625997901437195,0.0,2.211998446771285,5,"Carbon Fiber, Graphite, Graphene, Diamond, Carbon Nanotubes"
0.8229888311768333,0.11975484876347563,0.006479320370229226,0.03955376731877717,0.011223232370684602,0.985263614515731,4,"PP, PE, HDPE, LDPE, UHMWPE, PS, Adipose Tissue"
0.7876356232088567,0.02275789892649769,0.15839766993745472,0.01169765168463993,0.019511156242550762,1.59233422078307,0,"PVC, PET, PEEK, PTFE, PVDF, Polycarbonate, PMMA, PDMS, Silicone Rubber, Epoxy, Phenolic Resin, Carbon Fiber Epoxy, Glass Fiber Epoxy, CFRP, GFRP, Bone"
0.9783029473759465,0.0,0.0,0.01315062922347487,0.00854642340057863,2.2061830566404885,5,"Carbon Fiber, Graphite, Graphene, Diamond, Carbon Nanotubes"
0.9683612038844176,0.0,0.0,0.02410459633627695,0.007534199779305483,2.3502407316530562,5,"Carbon Fiber, Graphite, Graphene, Diamond, Carbon Nanotubes"
0.9556569624809449,0.019084059204908674,0.0,0.025258978314146356,0.0,2.201069730760129,5,"Carbon Fiber, Graphite, Graphene, Diamond, Carbon Nanotubes"
0.6333264161843535,0.03429287020528629,0.2357175546755227,0.0,0.09666315893483758,1.517506623925028,0,"PVC, PET, PEEK, PTFE, PVDF, Polycarbonate, PMMA, PDMS, Silicone Rubber, Epoxy, Phenolic Resin, Carbon Fiber Epoxy, Glass Fiber Epoxy, CFRP, GFRP, Bone"
0.9954323795103316,0.0,0.004567620489668367,0.0,0.0,2.542351814025939,5,"Carbon Fiber, Graphite, Graphene, Diamond, Carbon Nanotubes"
0.10809941398906973,0.01996958881258034,0.2549963741422716,0.02316973698759949,0.5937648860684789,2.779276394300715,1,"Fiberglass, Silicon, Silicon Carbide, Silica, Glass, Borosilicate Glass, Aluminosilicate Glass"
0.08879878878191924,0.11772918466803212,0.7861061748573182,0.0006000644423490782,0.006765787250381512,1.0209962836637454,3,"Water, Ice, Soft Tissue, Muscle"
0.7422003676012057,0.05165226309504812,0.2061473693037463,0.0,0.0,1.5921625685717742,0,"PVC, PET, PEEK, PTFE, PVDF, Polycarbonate, PMMA, PDMS, Silicone Rubber, Epoxy, Phenolic Resin, Carbon Fiber Epoxy, Glass Fiber Epoxy, CFRP, GFRP, Bone"
0.812909110556258,0.12292020358042796,0.03636000043007199,0.027810685433241868,0.0,0.9236994025446975,4,"PP, PE, HDPE, LDPE, UHMWPE, PS, Adipose Tissue"
0.6298591457429349,0.026439271067374308,0.21317243713847073,0.1305291460512199,0.0,1.4611609599834958,2,"Nylon 6, Nylon 6-6, Kevlar, Nomex, Polyimide, TPU"
0.017678001816759586,0.0,0.49204750379651335,0.0298917815894112,0.46038271279731585,2.467464031780921,1,"Fiberglass, Silicon, Silicon Carbide, Silica, Glass, Borosilicate Glass, Aluminosilicate Glass"
0.9410851803314071,0.0,0.010595715807122423,0.02469180964550692,0.02362729421596358,1.7349373790553235,5,"Carbon Fiber, Graphite, Graphene, Diamond, Carbon Nanotubes"
0.878302711620389,0.10388220028195762,0.01781508809765336,0.0,0.0,0.8573316346520055,4,"PP, PE, HDPE, LDPE, UHMWPE, PS, Adipose Tissue"
0.02278031339747058,0.12012870236506377,0.8570909842374657,0.0,0.0,0.9759906538722669,3,"Water, Ice, Soft Tissue, Muscle"
0.7725217141825046,0.12674359753199455,0.06642816167295772,0.034306526612543214,0.0,0.8629968761461775,4,"PP, PE, HDPE, LDPE, UHMWPE, PS, Adipose Tissue"
0.5525620431918281,0.03858167106091943,0.2731032786905616,0.0,0.13575300705669086,1.5407410555525491,0,"PVC, PET, PEEK, PTFE, PVDF, Polycarbonate, PMMA, PDMS, Silicone Rubber, Epoxy, Phenolic Resin, Carbon Fiber Epoxy, Glass Fiber Epoxy, CFRP, GFRP, Bone"
0.05561242070974916,0.0,0.44942620211311135,0.003857628323513338,0.4911037488536261,2.707100857112903,1,"Fiberglass, Silicon, Silicon Carbide, Silica, Glass, Borosilicate Glass, Aluminosilicate Glass"
0.06697646667052001,0.020101441236136882,0.38105443110487675,0.0,0.5318676609884664,2.507768600812267,1,"Fiberglass, Silicon, Silicon Carbide, Silica, Glass, Borosilicate Glass, Aluminosilicate Glass"
0.62943680827417,0.05780111240476193,0.17772018886765237,0.11266983341145069,0.02237205704196482,1.30975687587408,2,"Nylon 6, Nylon 6-6, Kevlar, Nomex, Polyimide, TPU"
0.13139640709838435,0.0,0.23185934106833944,0.002962131003660078,0.633782120829616,2.753098180023776,1,"Fiberglass, Silicon, Silicon Carbide, Silica, Glass, Borosilicate Glass, Aluminosilicate Glass"
0.7947334104319956,0.15605255141168625,0.037448643346149946,0.011765394810168115,0.0,0.8373191047355332,4,"PP, PE, HDPE, LDPE, UHMWPE, PS, Adipose Tissue"
0.126737983016354,0.10820866475214108,0.7425481441462658,0.022505208085239016,0.0,1.027476687866103,3,"Water, Ice, Soft Tissue, Muscle"
0.027933617350261876,0.004080644572831202,0.470921365818924,0.033044148253316585,0.4640202240046663,2.6216940681855556,1,"Fiberglass, Silicon, Silicon Carbide, Silica, Glass, Borosilicate Glass, Aluminosilicate Glass"
0.03885623553218806,0.10567571177394429,0.8296734585562293,0.025794594137638335,0.0,0.9836443774981163,3,"Water, Ice, Soft Tissue, Muscle"
0.8575486987021685,0.1424513012978314,0.0,0.0,0.0,0.9177245025307292,4,"PP, PE, HDPE, LDPE, UHMWPE, PS, Adipose Tissue"
0.03835077997220564,0.0,0.4781928411520068,0.0,0.4834563788757875,2.7110228465797896,1,"Fiberglass, Silicon, Silicon Carbide, Silica, Glass, Borosilicate Glass, Aluminosilicate Glass"
0.9547485978506107,0.011355224437356828,0.011146871552716923,0.022749306159315443,0.0,1.7737837069198346,5,"Carbon Fiber, Graphite, Graphene, Diamond, Carbon Nanotubes"
0.8623148186307259,0.09581917821858259,0.0021184641380159216,0.006493316740984329,0.033254222271691315,0.9927536388440188,4,"PP, PE, HDPE, LDPE, UHMWPE, PS, Adipose Tissue"
0.928554508338199,0.014909131691750096,0.0013981486123945523,0.024009352887052464,0.031128858470603774,2.1804141900899063,5,"Carbon Fiber, Graphite, Graphene, Diamond, Carbon Nanotubes"
0.8740388184471808,0.12421741675705267,0.0,0.0017437647957665584,0.0,1.074830027123948,4,"PP, PE, HDPE, LDPE, UHMWPE, PS, Adipose Tissue"
0.06120558852303188,0.11558267879470563,0.819073535912866,0.004138196769396489,0.0,0.9337880831840545,3,"Water, Ice, Soft Tissue, Muscle"
0.61228306466814,0.06756452628975541,0.20790731341126814,0.021052126274424796,0.09119296935641182,1.5183885175132736,0,"PVC, PET, PEEK, PTFE, PVDF, Polycarbonate, PMMA, PDMS, Silicone Rubber, Epoxy, Phenolic Resin, Carbon Fiber Epoxy, Glass Fiber Epoxy, CFRP, GFRP, Bone"
0.8271256516782995,0.12946392353953898,0.04133013386380553,0.0020802909183560638,0.0,0.8404386142112509,4,"PP, PE, HDPE, LDPE, UHMWPE, PS, Adipose Tissue"
0.7187860509721016,0.06796729480354056,0.1890154745467683,0.0,0.024231179677589615,1.4698343346564786,0,"PVC, PET, PEEK, PTFE, PVDF, Polycarbonate, PMMA, PDMS, Silicone Rubber, Epoxy, Phenolic Resin, Carbon Fiber Epoxy, Glass Fiber Epoxy, CFRP, GFRP, Bone"
0.11929010889424792,0.11717406607747897,0.7351108049935206,0.028425020034752575,0.0,0.992070521258593,3,"Water, Ice, Soft Tissue, Muscle"
0.8187621998220959,0.1311696043339547,0.04788439926838478,0.0,0.0021837965755646714,0.9649099349961286,4,"PP, PE, HDPE, LDPE, UHMWPE, PS, Adipose Tissue"
0.8367718229968876,0.13219606175300666,0.009202565407092193,0.001142429273208374,0.020687120569804828,1.033985921907261,4,"PP, PE, HDPE, LDPE, UHMWPE, PS, Adipose Tissue"
0.05215935993656885,0.0,0.41718966744393193,0.0,0.5306509726194991,2.6779770295484138,1,"Fiberglass, Silicon, Silicon Carbide, Silica, Glass, Borosilicate Glass, Aluminosilicate Glass"
0.7261892385340429,0.04150632896151108,0.17934265187455423,0.0,0.05296178062989168,1.4284680378932055,0,"PVC, PET, PEEK, PTFE, PVDF, Polycarbonate, PMMA, PDMS, Silicone Rubber, Epoxy, Phenolic Resin, Carbon Fiber Epoxy, Glass Fiber Epoxy, CFRP, GFRP, Bone"
0.7509736699308074,0.036298478623092684,0.18807921326364307,0.0,0.02464863818245701,1.4629061704079145,0,"PVC, PET, PEEK, PTFE, PVDF, Polycarbonate, PMMA, PDMS, Silicone Rubber, Epoxy, Phenolic Resin, Carbon Fiber Epoxy, Glass Fiber Epoxy, CFRP, GFRP, Bone"
0.650689655544299,0.07154119940048649,0.1675992322115056,0.11016991284370892,0.0,1.243799999533028,2,"Nylon 6, Nylon 6-6, Kevlar, Nomex, Polyimide, TPU"
0.6367274703137724,0.048663192626611784,0.20459420849681814,0.11001512856279771,0.0,1.4061851138210257,2,"Nylon 6, Nylon 6-6, Kevlar, Nomex, Polyimide, TPU"
0.7103369005084972,0.06016205994588993,0.1809609943061271,0.019202610930663767,0.02933743430882201,1.4866110287905738,0,"PVC, PET, PEEK, PTFE, PVDF, Polycarbonate, PMMA, PDMS, Silicone Rubber, Epoxy, Phenolic Resin, Carbon Fiber Epoxy, Glass Fiber Epoxy, CFRP, GFRP, Bone"
0.9367407878261529,0.025198530544973508,0.005996199095075385,0.0005601058915083045,0.03150437664228999,1.8346136671822386,5,"Carbon Fiber, Graphite, Graphene, Diamond, Carbon Nanotubes"
0.6098795004151664,0.09192682205084891,0.16218161522645647,0.13579520533855524,0.00021685696897292804,1.2880140747323285,2,"Nylon 6, Nylon 6-6, Kevlar, Nomex, Polyimide, TPU"
0.080036292035692,0.11916570474070713,0.7976114794280342,0.0031865237955667138,0.0,0.9664436998303462,3,"Water, Ice, Soft Tissue, Muscle"
0.7295986065962455,0.07803216881575874,0.11166832850393896,0.0,0.0807008960840566,1.4448057813196693,0,"PVC, PET, PEEK, PTFE, PVDF, Polycarbonate, PMMA, PDMS, Silicone Rubber, Epoxy, Phenolic Resin, Carbon Fiber Epoxy, Glass Fiber Epoxy, CFRP, GFRP, Bone"
0.023170783001221565,0.08946895735780726,0.8708093334390115,0.016550926201959658,0.0,1.0265675036609474,3,"Water, Ice, Soft Tissue, Muscle"
0.04437574226353357,0.07489563790991557,0.8552342042807581,0.0,0.025494415545792754,1.063728919054731,3,"Water, Ice, Soft Tissue, Muscle"
0.6809654169372096,0.10188280707231516,0.21381432607536402,0.0033374499151113232,0.0,1.4091530901414315,0,"PVC, PET, PEEK, PTFE, PVDF, Polycarbonate, PMMA, PDMS, Silicone Rubber, Epoxy, Phenolic Resin, Carbon Fiber Epoxy, Glass Fiber Epoxy, CFRP, GFRP, Bone"
0.6493594712352496,0.0801196744542479,0.19457997507890307,0.0,0.07594087923159945,1.3126668839083147,0,"PVC, PET, PEEK, PTFE, PVDF, Polycarbonate, PMMA, PDMS, Silicone Rubber, Epoxy, Phenolic Resin, Carbon Fiber Epoxy, Glass Fiber Epoxy, CFRP, GFRP, Bone"
0.7064568055029763,0.04449982237440545,0.1180027815114297,0.13104059061118856,0.0,1.3085063907789958,2,"Nylon 6, Nylon 6-6, Kevlar, Nomex, Polyimide, TPU"
0.9795348431137814,0.0,0.0,0.0,0.020465156886218607,1.922139489929661,5,"Carbon Fiber, Graphite, Graphene, Diamond, Carbon Nanotubes"
0.011690005475675001,0.018568533326343426,0.43941161921105854,0.0,0.5303298419869229,2.3222780957823974,1,"Fiberglass, Silicon, Silicon Carbide, Silica, Glass, Borosilicate Glass, Aluminosilicate Glass"
0.0,0.0,0.3334508178091491,0.0,0.6665491821908509,2.1743451017242665,1,"Fiberglass, Silicon, Silicon Carbide, Silica, Glass, Borosilicate Glass, Aluminosilicate Glass"
0.9615067910414967,0.0,0.007845784246644543,0.007291281481552894,0.023356143230305857,2.686691618450114,5,"Carbon Fiber, Graphite, Graphene, Diamond, Carbon Nanotubes"
0.6125269629712089,0.07222299450068641,0.17323468013306106,0.13171147300651556,0.010303889388527965,1.1737964085910064,2,"Nylon 6, Nylon 6-6, Kevlar, Nomex, Polyimide, TPU"
0.7679426684606403,0.12235108580685235,0.10970624573250741,0.0,0.0,0.9761197888911735,4,"PP, PE, HDPE, LDPE, UHMWPE, PS, Adipose Tissue"
0.6788367059281587,0.05967846190338992,0.1578378080105122,0.10364702415793918,0.0,1.1941271279218089,2,"Nylon 6, Nylon 6-6, Kevlar, Nomex, Polyimide, TPU"
0.0012284890149807013,0.003452808720746146,0.4884970029243978,0.007704072103128657,0.49911762723674663,2.500701781849608,1,"Fiberglass, Silicon, Silicon Carbide, Silica, Glass, Borosilicate Glass, Aluminosilicate Glass"
0.9908556975973095,0.0,0.0023569158698465223,0.0,0.006787386532844046,2.1196125526842295,5,"Carbon Fiber, Graphite, Graphene, Diamond, Carbon Nanotubes"
0.8903159505090644,0.09140931104347479,0.00883858907447317,0.009436149372987607,0.0,1.0046395253280578,4,"PP, PE, HDPE, LDPE, UHMWPE, PS, Adipose Tissue"
0.7235859281718005,0.047813708007799036,0.1531883226800566,0.013852038731861565,0.06156000240848224,1.6009510101379734,0,"PVC, PET, PEEK, PTFE, PVDF, Polycarbonate, PMMA, PDMS, Silicone Rubber, Epoxy, Phenolic Resin, Carbon Fiber Epoxy, Glass Fiber Epoxy, CFRP, GFRP, Bone"
0.019550569740497303,0.10640890002203096,0.8584218423615443,0.015618687875927463,0.0,0.9100822564888187,3,"Water, Ice, Soft Tissue, Muscle"
0.9755631368402645,0.0023777045018403505,0.005344099921803648,0.016715058736091453,0.0,2.774600202097853,5,"Carbon Fiber, Graphite, Graphene, Diamond, Carbon Nanotubes"
0.10695143128330463,0.0,0.3105490691225792,0.0,0.5824994995941162,2.8609613547868222,1,"Fiberglass, Silicon, Silicon Carbide, Silica, Glass, Borosilicate Glass, Aluminosilicate Glass"
0.9730043300057232,0.0,0.0,0.023872338483732804,0.003123331510544104,2.77896741013549,5,"Carbon Fiber, Graphite, Graphene, Diamond, Carbon Nanotubes"
0.6046040550951718,0.10162754539783866,0.16557619169583931,0.1281922078111502,0.0,1.2465108650082424,2,"Nylon 6, Nylon 6-6, Kevlar, Nomex, Polyimide, TPU"
0.8275872723322754,0.08330678394200487,0.07109828102998944,0.011845988858195534,0.006161673837534689,0.9451963518537437,4,"PP, PE, HDPE, LDPE, UHMWPE, PS, Adipose Tissue"
0.9951320339018214,0.0,0.004867966098178644,0.0,0.0,2.6161309154509698,5,"Carbon Fiber, Graphite, Graphene, Diamond, Carbon Nanotubes"
0.04060350708343885,0.00453697827606266,0.47780076604420124,0.005377211398328006,0.4716815371979693,2.449627720210763,1,"Fiberglass, Silicon, Silicon Carbide, Silica, Glass, Borosilicate Glass, Aluminosilicate Glass"
0.9570385792963113,0.018885879700261763,0.006875615364945744,0.00048216745093838264,0.016717758187542932,1.9225967915328475,5,"Carbon Fiber, Graphite, Graphene, Diamond, Carbon Nanotubes"
0.6490095971747918,0.0502375961053626,0.2123123386856096,0.01587684613586622,0.07256362189836975,1.611486158008121,0,"PVC, PET, PEEK, PTFE, PVDF, Polycarbonate, PMMA, PDMS, Silicone Rubber, Epoxy, Phenolic Resin, Carbon Fiber Epoxy, Glass Fiber Epoxy, CFRP, GFRP, Bone"
0.8008615455468018,0.1340621767881923,0.037814291975428765,0.02726198568957741,0.0,0.9845212845859636,4,"PP, PE, HDPE, LDPE, UHMWPE, PS, Adipose Tissue"
0.8320842602485773,0.13904404582395946,0.022637399076367054,0.006234294851096134,0.0,0.8736331862505877,4,"PP, PE, HDPE, LDPE, UHMWPE, PS, Adipose Tissue"
0.6505351292593126,0.05781962419316704,0.18201963220274697,0.094344067760529,0.015281546584244403,1.2156536064650094,2,"Nylon 6, Nylon 6-6, Kevlar, Nomex, Polyimide, TPU"
0.9304738281370435,0.0,0.0304748953304185,0.0,0.03905127653253797,2.0137018148782113,5,"Carbon Fiber, Graphite, Graphene, Diamond, Carbon Nanotubes"
0.6435151093136574,0.06726150313408466,0.18058851827829642,0.10863486927396154,0.0,1.334660477740324,2,"Nylon 6, Nylon 6-6, Kevlar, Nomex, Polyimide, TPU"
0.020320878165862668,0.0,0.3296574078700592,0.0,0.6500217139640782,2.3949900926831402,1,"Fiberglass, Silicon, Silicon Carbide, Silica, Glass, Borosilicate Glass, Aluminosilicate Glass"
0.11688569538988075,0.002205797087566937,0.3223896224703463,0.03194511712481126,0.5265737679273947,2.734515890241944,1,"Fiberglass, Silicon, Silicon Carbide, Silica, Glass, Borosilicate Glass, Aluminosilicate Glass"
0.6630349153977487,0.09628005415972354,0.1280474349483341,0.1126375954941937,0.0,1.2282149048712026,2,"Nylon 6, Nylon 6-6, Kevlar, Nomex, Polyimide, TPU"
0.6436686111567113,0.0410029905381024,0.20790501748775195,0.023773941637968962,0.08364943917946555,1.585056844077216,0,"PVC, PET, PEEK, PTFE, PVDF, Polycarbonate, PMMA, PDMS, Silicone Rubber, Epoxy, Phenolic Resin, Carbon Fiber Epoxy, Glass Fiber Epoxy, CFRP, GFRP, Bone"
0.6650192407447504,0.03274715950376549,0.18607058151497974,0.11446766070271559,0.0016953575337888202,1.1566809741525923,2,"Nylon 6, Nylon 6-6, Kevlar, Nomex, Polyimide, TPU"
0.6470921995195648,0.041003895656135256,0.21634429656509455,0.09555960825920555,0.0,1.3459833209770473,2,"Nylon 6, Nylon 6-6, Kevlar, Nomex, Polyimide, TPU"
0.09034441532070622,0.0804740509224126,0.7883093955571396,0.032632098258571385,0.008240039941170084,0.8694582899025787,3,"Water, Ice, Soft Tissue, Muscle"
0.7278005415757478,0.06305208669486373,0.18127289427003268,0.0,0.02787447745935572,1.480763318687902,0,"PVC, PET, PEEK, PTFE, PVDF, Polycarbonate, PMMA, PDMS, Silicone Rubber, Epoxy, Phenolic Resin, Carbon Fiber Epoxy, Glass Fiber Epoxy, CFRP, GFRP, Bone"
0.03714240193229047,0.0,0.38497544190497257,0.0159948074431914,0.5618873487195455,2.660425632986849,1,"Fiberglass, Silicon, Silicon Carbide, Silica, Glass, Borosilicate Glass, Aluminosilicate Glass"
0.8254745873915558,0.04900096947610557,0.0970028788725703,0.009457483193014336,0.019064081066754016,0.9579720351065821,4,"PP, PE, HDPE, LDPE, UHMWPE, PS, Adipose Tissue"
0.6471318048795255,0.055347594857190825,0.17189767247798135,0.12562292778530235,0.0,1.2248428226322443,2,"Nylon 6, Nylon 6-6, Kevlar, Nomex, Polyimide, TPU"
0.9599840833529927,0.00803538960684696,0.01606483218165441,0.01591569485850592,0.0,2.0976392224744864,5,"Carbon Fiber, Graphite, Graphene, Diamond, Carbon Nanotubes"
0.670215448746544,0.028651719457070325,0.18010997416685842,0.11074973798933922,0.010273119640187957,1.1566237261214611,2,"Nylon 6, Nylon 6-6, Kevlar, Nomex, Polyimide, TPU"
0.014129824310570204,0.09089239187714279,0.8928458998163433,0.0,0.0021318839959437764,0.8514081646094419,3,"Water, Ice, Soft Tissue, Muscle"
0.8338259665539811,0.12114786972935875,0.045026163716660114,0.0,0.0,0.9418461308634057,4,"PP, PE, HDPE, LDPE, UHMWPE, PS, Adipose Tissue"
0.7805261571513924,0.12179858951799186,0.09767525333061589,0.0,0.0,0.9108766602964375,4,"PP, PE, HDPE, LDPE, UHMWPE, PS, Adipose Tissue"
0.9372872113280682,0.006120495598058931,0.04013591384664274,0.009382108885714339,0.007074270341515783,2.1115149622043017,5,"Carbon Fiber, Graphite, Graphene, Diamond, Carbon Nanotubes"
1.0,0.0,0.0,0.0,0.0,2.38905026031489,5,"Carbon Fiber, Graphite, Graphene, Diamond, Carbon Nanotubes"
0.6051076739320795,0.05318367615575071,0.20501526105732534,0.13669338885484453,0.0,1.3254440994085503,2,"Nylon 6, Nylon 6-6, Kevlar, Nomex, Polyimide, TPU"
0.7172348488073528,0.052996383845907095,0.16074964223914706,0.0025141881507487304,0.06650493695684424,1.4610484193565771,0,"PVC, PET, PEEK, PTFE, PVDF, Polycarbonate, PMMA, PDMS, Silicone Rubber, Epoxy, Phenolic Resin, Carbon Fiber Epoxy, Glass Fiber Epoxy, CFRP, GFRP, Bone"
0.09894967232842836,0.10863964679822893,0.7679640962101207,0.024446584663221974,0.0,0.9864134210142715,3,"Water, Ice, Soft Tissue, Muscle"
0.7478675732373687,0.12251381649074143,0.10505359758813408,0.016389856632317436,0.008175156051438372,1.0969851172270864,4,"PP, PE, HDPE, LDPE, UHMWPE, PS, Adipose Tissue"
0.8252639581651756,0.14690864463404493,0.0,0.0,0.027827397200779407,1.0786841114173245,4,"PP, PE, HDPE, LDPE, UHMWPE, PS, Adipose Tissue"
0.8067988782259445,0.15707834122512848,0.03612278054892709,0.0,0.0,0.9870100049192819,4,"PP, PE, HDPE, LDPE, UHMWPE, PS, Adipose Tissue"
0.6776243965752315,0.062406272770890385,0.1744454125830536,0.03207046733709858,0.05345345073372587,1.4969877423886382,0,"PVC, PET, PEEK, PTFE, PVDF, Polycarbonate, PMMA, PDMS, Silicone Rubber, Epoxy, Phenolic Resin, Carbon Fiber Epoxy, Glass Fiber Epoxy, CFRP, GFRP, Bone"
0.623918677317425,0.05506981847207457,0.19105490440380288,0.12995659980669758,0.0,1.241047030753429,2,"Nylon 6, Nylon 6-6, Kevlar, Nomex, Polyimide, TPU"
0.10625638228580207,0.0984944921918874,0.7450898033515744,0.033257543478167374,0.016901778692568953,1.060532595333481,3,"Water, Ice, Soft Tissue, Muscle"
0.9527718745702671,0.022973527088920084,0.01724491545137719,0.0,0.007009682889435542,2.186992880324517,5,"Carbon Fiber, Graphite, Graphene, Diamond, Carbon Nanotubes"
0.12165492552567186,0.10737928736566811,0.7540697688361983,0.016896018272461625,0.0,0.958437807253713,3,"Water, Ice, Soft Tissue, Muscle"
0.5892694442642878,0.047347234473597226,0.2343343831329649,0.11287129125413599,0.01617764687501414,1.20255956107903,2,"Nylon 6, Nylon 6-6, Kevlar, Nomex, Polyimide, TPU"
0.8153584769024321,0.12751187136463446,0.05712965173293344,0.0,0.0,1.003877652441841,4,"PP, PE, HDPE, LDPE, UHMWPE, PS, Adipose Tissue"
0.6952976017837403,0.03253577084692816,0.23956327593220117,0.0,0.032603351437130425,1.5824144567253786,0,"PVC, PET, PEEK, PTFE, PVDF, Polycarbonate, PMMA, PDMS, Silicone Rubber, Epoxy, Phenolic Resin, Carbon Fiber Epoxy, Glass Fiber Epoxy, CFRP, GFRP, Bone"
0.07295931615784167,0.12728943177202443,0.7997512520701338,0.0,0.0,0.9651584719098609,3,"Water, Ice, Soft Tissue, Muscle"
0.6051613445398687,0.10042640299065297,0.24552445949660096,0.0,0.048887792972877375,1.3914962921537861,0,"PVC, PET, PEEK, PTFE, PVDF, Polycarbonate, PMMA, PDMS, Silicone Rubber, Epoxy, Phenolic Resin, Carbon Fiber Epoxy, Glass Fiber Epoxy, CFRP, GFRP, Bone"
0.1039450759793984,0.09301073344084893,0.7620351905062177,0.04100900007353494,0.0,1.0633473031561824,3,"Water, Ice, Soft Tissue, Muscle"
0.7028873639533981,0.05216174957116342,0.19117959139805285,0.0,0.0537712950773856,1.4792775425222393,0,"PVC, PET, PEEK, PTFE, PVDF, Polycarbonate, PMMA, PDMS, Silicone Rubber, Epoxy, Phenolic Resin, Carbon Fiber Epoxy, Glass Fiber Epoxy, CFRP, GFRP, Bone"
0.04465517437545916,0.03302884427442207,0.35844103609112166,0.0,0.5638749452589971,2.371758914600812,1,"Fiberglass, Silicon, Silicon Carbide, Silica, Glass, Borosilicate Glass, Aluminosilicate Glass"
0.614409705224401,0.07842356922799258,0.2065456334516431,0.10062109209596333,0.0,1.3261313463990914,2,"Nylon 6, Nylon 6-6, Kevlar, Nomex, Polyimide, TPU"
0.7577621104729779,0.049317522225335704,0.1418687806039156,0.0,0.051051586697770775,1.616745838287624,0,"PVC, PET, PEEK, PTFE, PVDF, Polycarbonate, PMMA, PDMS, Silicone Rubber, Epoxy, Phenolic Resin, Carbon Fiber Epoxy, Glass Fiber Epoxy, CFRP, GFRP, Bone"
0.08700744850932243,0.02634962382368179,0.37347759336638525,0.0,0.5131653343006105,2.5764864526789264,1,"Fiberglass, Silicon, Silicon Carbide, Silica, Glass, Borosilicate Glass, Aluminosilicate Glass"
0.8400130374210214,0.11406992542122972,0.01797875388985506,0.0,0.027938283267893774,0.8996016880939913,4,"PP, PE, HDPE, LDPE, UHMWPE, PS, Adipose Tissue"
0.8513285988046373,0.1271167039930676,0.017620103224299553,0.003934593977995642,0.0,0.958784336751855,4,"PP, PE, HDPE, LDPE, UHMWPE, PS, Adipose Tissue"
0.6330958069491744,0.065317749186963,0.1702141824307149,0.12189805819070938,0.009474203242438268,1.3080032995002837,2,"Nylon 6, Nylon 6-6, Kevlar, Nomex, Polyimide, TPU"
0.6889574043381359,0.026563126049942994,0.18204200477316204,0.037727687128801576,0.06470977770995741,1.499854080187606,0,"PVC, PET, PEEK, PTFE, PVDF, Polycarbonate, PMMA, PDMS, Silicone Rubber, Epoxy, Phenolic Resin, Carbon Fiber Epoxy, Glass Fiber Epoxy, CFRP, GFRP, Bone"
0.9963419745527735,0.0,0.0,0.0036580254472264317,0.0,1.9108672293044575,5,"Carbon Fiber, Graphite, Graphene, Diamond, Carbon Nanotubes"
0.8245468693983653,0.1324181069975956,0.020071725991621714,0.0,0.02296329761241724,0.9869167270198347,4,"PP, PE, HDPE, LDPE, UHMWPE, PS, Adipose Tissue"
0.7765324393035483,0.04979564591196676,0.15025659830774402,0.008677741443191764,0.014737575033549114,1.436931500143817,0,"PVC, PET, PEEK, PTFE, PVDF, Polycarbonate, PMMA, PDMS, Silicone Rubber, Epoxy, Phenolic Resin, Carbon Fiber Epoxy, Glass Fiber Epoxy, CFRP, GFRP, Bone"
0.8534361870816678,0.11752306074101368,0.02709097194921242,0.0,0.0019497802281060034,0.8974324861985267,4,"PP, PE, HDPE, LDPE, UHMWPE, PS, Adipose Tissue"
0.6308169283647718,0.06411758423798784,0.15828202180176532,0.1467834655954751,0.0,1.2686077716282123,2,"Nylon 6, Nylon 6-6, Kevlar, Nomex, Polyimide, TPU"
0.9699500425763073,0.006930751502917264,0.0,0.0,0.02311920592077532,2.032335075882868,5,"Carbon Fiber, Graphite, Graphene, Diamond, Carbon Nanotubes"
0.796041736137279,0.09041383664667273,0.08163803978388137,0.008266804069275269,0.023639583362891417,0.9201186872882763,4,"PP, PE, HDPE, LDPE, UHMWPE, PS, Adipose Tissue"
0.07434994883453953,0.0008352614126046702,0.43313431708082945,0.0068314233391633195,0.48484904933286305,2.6272218770684272,1,"Fiberglass, Silicon, Silicon Carbide, Silica, Glass, Borosilicate Glass, Aluminosilicate Glass"
0.8112185387315677,0.14294934988733748,0.04501661220608959,0.0,0.000815499175005361,0.9875411913874986,4,"PP, PE, HDPE, LDPE, UHMWPE, PS, Adipose Tissue"
0.10278755913091547,0.03488647073766303,0.28843148329352536,0.021129781270700268,0.5527647055671959,2.4877692218121914,1,"Fiberglass, Silicon, Silicon Carbide, Silica, Glass, Borosilicate Glass, Aluminosilicate Glass"
0.6219123052923177,0.056673927075888725,0.20479719869589555,0.0,0.11661656893589809,1.4664450302935401,0,"PVC, PET, PEEK, PTFE, PVDF, Polycarbonate, PMMA, PDMS, Silicone Rubber, Epoxy, Phenolic Resin, Carbon Fiber Epoxy, Glass Fiber Epoxy, CFRP, GFRP, Bone"
0.0,0.0,0.40648843709073645,0.02472567997640386,0.5687858829328597,2.67680016410624,1,"Fiberglass, Silicon, Silicon Carbide, Silica, Glass, Borosilicate Glass, Aluminosilicate Glass"
0.06470056258402072,0.03514850314415701,0.26726802139679534,0.011547216128604265,0.6213356967464226,2.431253198119331,1,"Fiberglass, Silicon, Silicon Carbide, Silica, Glass, Borosilicate Glass, Aluminosilicate Glass"
0.6403976034010705,0.056000766999240205,0.17406503345186897,0.12953659614782018,0.0,1.2920187647465071,2,"Nylon 6, Nylon 6-6, Kevlar, Nomex, Polyimide, TPU"
0.06224284141362115,0.09532496171519858,0.7964336303677781,0.035972891078872,0.010025675424530228,0.9662169365832801,3,"Water, Ice, Soft Tissue, Muscle"
0.9436268239563397,0.0,0.013101733548123523,0.014638606733416583,0.02863283576212035,2.4053490835672764,5,"Carbon Fiber, Graphite, Graphene, Diamond, Carbon Nanotubes"
0.024662065059715996,0.0,0.3826526790742849,0.0,0.5926852558659992,2.4517406778871496,1,"Fiberglass, Silicon, Silicon Carbide, Silica, Glass, Borosilicate Glass, Aluminosilicate Glass"
0.7145401186328593,0.06424470672850732,0.19940563186613422,0.004711009651043005,0.017098533121456195,1.3252805741914584,0,"PVC, PET, PEEK, PTFE, PVDF, Polycarbonate, PMMA, PDMS, Silicone Rubber, Epoxy, Phenolic Resin, Carbon Fiber Epoxy, Glass Fiber Epoxy, CFRP, GFRP, Bone"
0.023412311636036777,0.0038047494695184368,0.4371422044730516,0.015307285414096627,0.5203334490072966,2.252031441123662,1,"Fiberglass, Silicon, Silicon Carbide, Silica, Glass, Borosilicate Glass, Aluminosilicate Glass"
0.8292816626368026,0.13245001542403473,0.02263749154583458,0.01444482142450939,0.0011860089688188406,0.9534299291611519,4,"PP, PE, HDPE, LDPE, UHMWPE, PS, Adipose Tissue"
0.9574900358769516,0.020489329620855812,0.02202063450219269,0.0,0.0,2.0767428107654973,5,"Carbon Fiber, Graphite, Graphene, Diamond, Carbon Nanotubes"
0.05293155000160424,0.0,0.3451375667298224,0.0,0.6019308832685732,2.5828020934447005,1,"Fiberglass, Silicon, Silicon Carbide, Silica, Glass, Borosilicate Glass, Aluminosilicate Glass"
0.6514123073932669,0.07760519841895558,0.1504602198362015,0.12052227435157585,0.0,1.35788115215313,2,"Nylon 6, Nylon 6-6, Kevlar, Nomex, Polyimide, TPU"
0.7563487875938345,0.043377723120626245,0.17829148609990025,0.0,0.021982003185639,1.4825232530860635,0,"PVC, PET, PEEK, PTFE, PVDF, Polycarbonate, PMMA, PDMS, Silicone Rubber, Epoxy, Phenolic Resin, Carbon Fiber Epoxy, Glass Fiber Epoxy, CFRP, GFRP, Bone"
0.6035316376808281,0.11433562947979763,0.17269888224195581,0.10943385059741847,0.0,1.0758628177299379,2,"Nylon 6, Nylon 6-6, Kevlar, Nomex, Polyimide, TPU"
0.6691250995492719,0.07009938155044185,0.17362035840371562,0.011157367721521934,0.07599779277504871,1.3430492689801234,0,"PVC, PET, PEEK, PTFE, PVDF, Polycarbonate, PMMA, PDMS, Silicone Rubber, Epoxy, Phenolic Resin, Carbon Fiber Epoxy, Glass Fiber Epoxy, CFRP, GFRP, Bone"
0.6608809610669629,0.048213028162669015,0.1718623732757633,0.11243826488072337,0.006605372613881306,1.4084388367473617,2,"Nylon 6, Nylon 6-6, Kevlar, Nomex, Polyimide, TPU"
0.9842732235704509,0.0,0.003978400973565817,0.009315868238874528,0.0024325072171087862,2.5861889297911294,5,"Carbon Fiber, Graphite, Graphene, Diamond, Carbon Nanotubes"
0.02002101625866888,0.0,0.4699299147912295,0.0,0.5100490689501016,2.4856898583952343,1,"Fiberglass, Silicon, Silicon Carbide, Silica, Glass, Borosilicate Glass, Aluminosilicate Glass"
0.03087836279208252,0.1105977732049509,0.8585238640029665,0.0,0.0,0.8968988012902601,3,"Water, Ice, Soft Tissue, Muscle"
0.04113998581515282,0.0,0.434916454998011,0.0,0.5239435591868361,2.2824843955533987,1,"Fiberglass, Silicon, Silicon Carbide, Silica, Glass, Borosilicate Glass, Aluminosilicate Glass"
0.13886204193087098,0.090506306152429,0.739052293320883,0.02810323890372151,0.0034761196920955204,0.9480626362997964,3,"Water, Ice, Soft Tissue, Muscle"
0.055553982204857966,0.0,0.44317851756891785,0.004629276725182708,0.4966382235010416,2.703759838743793,1,"Fiberglass, Silicon, Silicon Carbide, Silica, Glass, Borosilicate Glass, Aluminosilicate Glass"
0.10795058301060827,0.02898656578647688,0.22586375514246923,0.0,0.6371990960604456,2.568848056672419,1,"Fiberglass, Silicon, Silicon Carbide, Silica, Glass, Borosilicate Glass, Aluminosilicate Glass"
0.8800248200112716,0.0969231420322347,0.02238069876155318,0.0006713391949406147,0.0,0.9071145674892932,4,"PP, PE, HDPE, LDPE, UHMWPE, PS, Adipose Tissue"
0.6861546023091459,0.07453493036414784,0.17247878628946586,0.016766661512267543,0.050065019524973,1.504764384895894,0,"PVC, PET, PEEK, PTFE, PVDF, Polycarbonate, PMMA, PDMS, Silicone Rubber, Epoxy, Phenolic Resin, Carbon Fiber Epoxy, Glass Fiber Epoxy, CFRP, GFRP, Bone"
0.8245793243184643,0.12050572512073411,0.054914950560801694,0.0,0.0,0.9576072050731349,4,"PP, PE, HDPE, LDPE, UHMWPE, PS, Adipose Tissue"
0.0,0.0,0.4436411425313087,0.005695695299744644,0.5506631621689467,2.353302905472205,1,"Fiberglass, Silicon, Silicon Carbide, Silica, Glass, Borosilicate Glass, Aluminosilicate Glass"
0.8060412531819033,0.15172092037850007,0.007558539100142467,0.034679287339454266,0.0,1.034849243362936,4,"PP, PE, HDPE, LDPE, UHMWPE, PS, Adipose Tissue"
0.6519595497483838,0.006870060174451353,0.16764045046497425,0.1626749192451701,0.01085502036702047,1.380079583483768,2,"Nylon 6, Nylon 6-6, Kevlar, Nomex, Polyimide, TPU"
0.09925623606111482,0.0781107810425139,0.8226329828963713,0.0,0.0,0.9757754898814062,3,"Water, Ice, Soft Tissue, Muscle"
0.5727165900551202,0.09097494390939535,0.23309312253851866,0.026471095653899407,0.07674424784306628,1.401825030927245,0,"PVC, PET, PEEK, PTFE, PVDF, Polycarbonate, PMMA, PDMS, Silicone Rubber, Epoxy, Phenolic Resin, Carbon Fiber Epoxy, Glass Fiber Epoxy, CFRP, GFRP, Bone"
0.06477787067624295,0.110971980774931,0.8114672893284427,0.010152344018797808,0.002630515201585657,0.9531134822507091,3,"Water, Ice, Soft Tissue, Muscle"
0.8146859094566036,0.14115956418040285,0.02352253972581138,0.0,0.0206319866371821,0.9760808658775547,4,"PP, PE, HDPE, LDPE, UHMWPE, PS, Adipose Tissue"
0.798267048810059,0.1359081463748178,0.054033243938615555,0.0,0.011791560876507588,0.9206674115962711,4,"PP, PE, HDPE, LDPE, UHMWPE, PS, Adipose Tissue"
0.9799469307396458,0.0,0.0,0.020053069260354318,0.0,2.6181866818403994,5,"Carbon Fiber, Graphite, Graphene, Diamond, Carbon Nanotubes"
0.0,0.011734372932691858,0.5277659584345914,0.0,0.46049966863271663,2.545205532366157,1,"Fiberglass, Silicon, Silicon Carbide, Silica, Glass, Borosilicate Glass, Aluminosilicate Glass"
0.6199147422242914,0.10919176977962193,0.167561808496415,0.10333167949967163,0.0,1.2985566336212573,2,"Nylon 6, Nylon 6-6, Kevlar, Nomex, Polyimide, TPU"
0.9712296476375638,0.013700433702091364,0.0,0.0,0.015069918660344905,1.577037148472309,5,"Carbon Fiber, Graphite, Graphene, Diamond, Carbon Nanotubes"
0.8957205501186262,0.10427944988137387,0.0,0.0,0.0,0.9095195663344479,4,"PP, PE, HDPE, LDPE, UHMWPE, PS, Adipose Tissue"
0.019744894144555714,0.057363933844310724,0.8802900421827321,0.04260112982840145,0.0,0.9929127195977407,3,"Water, Ice, Soft Tissue, Muscle"
0.6970558593496182,0.047176297757203,0.23138351378357191,0.0,0.024384329109606806,1.2955759487503633,0,"PVC, PET, PEEK, PTFE, PVDF, Polycarbonate, PMMA, PDMS, Silicone Rubber, Epoxy, Phenolic Resin, Carbon Fiber Epoxy, Glass Fiber Epoxy, CFRP, GFRP, Bone"
0.817067855877961,0.1411355276725047,0.019032746331943094,0.02276387011759119,0.0,0.9098033253310777,4,"PP, PE, HDPE, LDPE, UHMWPE, PS, Adipose Tissue"
0.622613422866871,0.08889800765047766,0.1423661855119149,0.14235202665331723,0.0037703573174192157,1.1811238315353711,2,"Nylon 6, Nylon 6-6, Kevlar, Nomex, Polyimide, TPU"
0.869246114749142,0.12813746658464603,0.0026164186662116944,0.0,0.0,0.9312087369734076,4,"PP, PE, HDPE, LDPE, UHMWPE, PS, Adipose Tissue"
0.022802255568403457,0.0,0.3022049108635109,0.004608274210844635,0.670384559357241,2.44019857549683,1,"Fiberglass, Silicon, Silicon Carbide, Silica, Glass, Borosilicate Glass, Aluminosilicate Glass"
0.6630749341048223,0.010022088911654946,0.2210458490528906,0.10585712793063216,0.0,1.2290990586693638,2,"Nylon 6, Nylon 6-6, Kevlar, Nomex, Polyimide, TPU"
0.011458158531685502,0.0,0.3910553321488703,0.010050255352693759,0.5874362539667505,2.5942596338951542,1,"Fiberglass, Silicon, Silicon Carbide, Silica, Glass, Borosilicate Glass, Aluminosilicate Glass"
0.0,0.11806297482039227,0.8563220599339536,0.0033251510538891698,0.022289814191764925,0.9848846620304742,3,"Water, Ice, Soft Tissue, Muscle"
0.6056006106859416,0.055901921254624815,0.18410178211813694,0.03124767676442952,0.12314800917686713,1.591136372819721,0,"PVC, PET, PEEK, PTFE, PVDF, Polycarbonate, PMMA, PDMS, Silicone Rubber, Epoxy, Phenolic Resin, Carbon Fiber Epoxy, Glass Fiber Epoxy, CFRP, GFRP, Bone"
0.03673503493203188,0.11332801380200294,0.8265008724807995,0.0,0.02343607878516569,1.0781732915762152,3,"Water, Ice, Soft Tissue, Muscle"
0.05945526449780353,0.09299330578163048,0.8350499900854381,0.012501439635127714,0.0,0.8924069407769963,3,"Water, Ice, Soft Tissue, Muscle"
0.8008236984060706,0.15003876418499584,0.030697985274946122,0.011393303753520378,0.007046248380467079,0.9826936794728038,4,"PP, PE, HDPE, LDPE, UHMWPE, PS, Adipose Tissue"
0.019790587915863318,0.04040488299799127,0.38700158057822276,0.0018433138940924007,0.5509596346138302,2.4562121667073273,1,"Fiberglass, Silicon, Silicon Carbide, Silica, Glass, Borosilicate Glass, Aluminosilicate Glass"
0.9597231759932594,0.0,0.028909235850682356,0.011367588156058301,0.0,3.252753957604532,5,"Carbon Fiber, Graphite, Graphene, Diamond, Carbon Nanotubes"
0.13080208404808275,0.09073926953566619,0.7592286371924029,0.0,0.01923000922384821,0.9677173137166147,3,"Water, Ice, Soft Tissue, Muscle"
0.7027397266143242,0.04231128296692327,0.18986866983919695,0.0,0.06508032057955554,1.504858844402645,0,"PVC, PET, PEEK, PTFE, PVDF, Polycarbonate, PMMA, PDMS, Silicone Rubber, Epoxy, Phenolic Resin, Carbon Fiber Epoxy, Glass Fiber Epoxy, CFRP, GFRP, Bone"
0.680154628630684,0.033155542773065226,0.1660593233192337,0.01799934541833945,0.10263115985867768,1.509806238141219,0,"PVC, PET, PEEK, PTFE, PVDF, Polycarbonate, PMMA, PDMS, Silicone Rubber, Epoxy, Phenolic Resin, Carbon Fiber Epoxy, Glass Fiber Epoxy, CFRP, GFRP, Bone"
0.9668930833418818,0.0,0.0043143537341848795,0.02879256292393325,0.0,2.907635677104715,5,"Carbon Fiber, Graphite, Graphene, Diamond, Carbon Nanotubes"
0.9874639476921088,0.0,0.01253605230789123,0.0,0.0,2.2694129202633637,5,"Carbon Fiber, Graphite, Graphene, Diamond, Carbon Nanotubes"
0.07413768904904429,0.029035384926045,0.40386973799042647,0.0,0.4929571880344841,2.5693695095750617,1,"Fiberglass, Silicon, Silicon Carbide, Silica, Glass, Borosilicate Glass, Aluminosilicate Glass"
0.5753529680234769,0.0674306845206184,0.20951407903522506,0.12325753352886605,0.024444734891813553,1.1652002310245728,2,"Nylon 6, Nylon 6-6, Kevlar, Nomex, Polyimide, TPU"
0.6541937397052603,0.07247829289231872,0.2372392645451205,0.0,0.036088702857300495,1.448430548141141,0,"PVC, PET, PEEK, PTFE, PVDF, Polycarbonate, PMMA, PDMS, Silicone Rubber, Epoxy, Phenolic Resin, Carbon Fiber Epoxy, Glass Fiber Epoxy, CFRP, GFRP, Bone"
0.8588153742379536,0.1208874133261651,0.02029721243588141,0.0,0.0,1.0315882456767946,4,"PP, PE, HDPE, LDPE, UHMWPE, PS, Adipose Tissue"
0.9747010038167144,0.0,0.0,0.025298996183285547,0.0,2.008272214032532,5,"Carbon Fiber, Graphite, Graphene, Diamond, Carbon Nanotubes"
0.9461914885993835,0.018123682239167337,0.01879750987916995,0.01688731928227921,0.0,2.270896524115105,5,"Carbon Fiber, Graphite, Graphene, Diamond, Carbon Nanotubes"
0.6566320411641039,0.06715497755004211,0.18148473358917916,0.09472824769667483,0.0,1.3073980873478133,2,"Nylon 6, Nylon 6-6, Kevlar, Nomex, Polyimide, TPU"
0.014243164775028109,0.022985418798965724,0.43096161620943296,0.0,0.5318098002165732,2.6019998550973127,1,"Fiberglass, Silicon, Silicon Carbide, Silica, Glass, Borosilicate Glass, Aluminosilicate Glass"
0.07099641338739042,0.12252537687528872,0.7767154249928333,0.029762784744487604,0.0,1.010509303151039,3,"Water, Ice, Soft Tissue, Muscle"
0.037077184358454765,0.0,0.33339811933252544,0.0,0.6295246963090197,2.44960317279459,1,"Fiberglass, Silicon, Silicon Carbide, Silica, Glass, Borosilicate Glass, Aluminosilicate Glass"
0.0815792763220078,0.10024701291838256,0.771768296630334,0.046405414129275645,0.0,1.0436650792548283,3,"Water, Ice, Soft Tissue, Muscle"
0.9796107552668645,0.0016162400873697205,0.0,0.0,0.018773004645765836,2.1583398806795993,5,"Carbon Fiber, Graphite, Graphene, Diamond, Carbon Nanotubes"
0.5953751723112998,0.07122630816634153,0.21320302403550545,0.11552372160892543,0.004671773877927854,1.2959677167107302,2,"Nylon 6, Nylon 6-6, Kevlar, Nomex, Polyimide, TPU"
0.6205223610621233,0.0017899654079740767,0.2505342144148921,0.019364200845381926,0.10778925826962853,1.4599041883894452,0,"PVC, PET, PEEK, PTFE, PVDF, Polycarbonate, PMMA, PDMS, Silicone Rubber, Epoxy, Phenolic Resin, Carbon Fiber Epoxy, Glass Fiber Epoxy, CFRP, GFRP, Bone"
0.7999353523220273,0.1431107171238641,0.04808715289319565,0.008866777660912846,0.0,0.8931324401529521,4,"PP, PE, HDPE, LDPE, UHMWPE, PS, Adipose Tissue"
0.6549886794898591,0.051367162614022514,0.17470596323361576,0.11893819466250263,0.0,1.2129297794275398,2,"Nylon 6, Nylon 6-6, Kevlar, Nomex, Polyimide, TPU"
0.8038001466984517,0.13821651468452062,0.04386153238329386,0.0,0.014121806233733837,0.9494542125976162,4,"PP, PE, HDPE, LDPE, UHMWPE, PS, Adipose Tissue"
0.6625806927450386,0.06988669281170816,0.1959102500016659,0.056510569054516034,0.01511179538707123,1.2935970462231148,2,"Nylon 6, Nylon 6-6, Kevlar, Nomex, Polyimide, TPU"
0.6707711777442495,0.0693832918756461,0.15566173516619455,0.09771138564302885,0.006472409570880854,1.3501193730822456,2,"Nylon 6, Nylon 6-6, Kevlar, Nomex, Polyimide, TPU"
0.6844631904309241,0.05599376912988697,0.15829220722717713,0.018391994812551948,0.08285883839945986,1.262941031783657,0,"PVC, PET, PEEK, PTFE, PVDF, Polycarbonate, PMMA, PDMS, Silicone Rubber, Epoxy, Phenolic Resin, Carbon Fiber Epoxy, Glass Fiber Epoxy, CFRP, GFRP, Bone"
0.09782640512232953,0.10359996727436,0.7627732385753707,0.031855714372558956,0.003944674655380673,1.09024841304452,3,"Water, Ice, Soft Tissue, Muscle"
0.6297731731942815,0.10008562046264625,0.1296889394313744,0.12081114096374858,0.01964112594794933,1.2970484067854637,2,"Nylon 6, Nylon 6-6, Kevlar, Nomex, Polyimide, TPU"
0.015568245824724688,0.10413425062423999,0.8403742299485084,0.039923273602526906,0.0,0.9239413544045014,3,"Water, Ice, Soft Tissue, Muscle"
0.7223209823259613,0.04802354100280527,0.14985012557913274,0.027281340563689714,0.052524010528410936,1.5397085437998328,0,"PVC, PET, PEEK, PTFE, PVDF, Polycarbonate, PMMA, PDMS, Silicone Rubber, Epoxy, Phenolic Resin, Carbon Fiber Epoxy, Glass Fiber Epoxy, CFRP, GFRP, Bone"
0.917071730272125,0.02024860596517063,0.0,0.01855762514462135,0.044122038618082886,2.3596449171998937,5,"Carbon Fiber, Graphite, Graphene, Diamond, Carbon Nanotubes"
0.6140225295620358,0.12173816217583158,0.16774149178652442,0.09649781647560816,0.0,1.0780326290088786,2,"Nylon 6, Nylon 6-6, Kevlar, Nomex, Polyimide, TPU"
0.6459152891492163,0.07541722483871134,0.14967241885307303,0.12791165374523294,0.0010834134137663238,1.245330413838049,2,"Nylon 6, Nylon 6-6, Kevlar, Nomex, Polyimide, TPU"
0.03400046733044072,0.1008889976811545,0.8397237017251805,0.025386833263224284,0.0,1.0003421860304966,3,"Water, Ice, Soft Tissue, Muscle"
0.9443457046726768,0.008001530458891255,0.0476527648684321,0.0,0.0,1.96111171176468,5,"Carbon Fiber, Graphite, Graphene, Diamond, Carbon Nanotubes"
0.6754621769291025,0.062240100358012675,0.19010689185096027,0.028749016768190614,0.043441814093733856,1.6626947090216313,0,"PVC, PET, PEEK, PTFE, PVDF, Polycarbonate, PMMA, PDMS, Silicone Rubber, Epoxy, Phenolic Resin, Carbon Fiber Epoxy, Glass Fiber Epoxy, CFRP, GFRP, Bone"
0.7634788911874046,0.1334702194624924,0.03488458647492677,0.04700598782517129,0.02116031505000491,0.9186773251759381,4,"PP, PE, HDPE, LDPE, UHMWPE, PS, Adipose Tissue"
0.020058187813894603,0.10901082176879168,0.8709309904173138,0.0,0.0,0.8490733856340256,3,"Water, Ice, Soft Tissue, Muscle"
0.7641290993154806,0.11874837408105121,0.08065742077741962,0.023815680303337673,0.012649425522710612,1.010133406866053,4,"PP, PE, HDPE, LDPE, UHMWPE, PS, Adipose Tissue"
0.6096236261783193,0.07814802156013748,0.1829035530164109,0.12932479924513232,0.0,1.3511497848537453,2,"Nylon 6, Nylon 6-6, Kevlar, Nomex, Polyimide, TPU"
0.008455751302967926,0.0018394329217982473,0.4270177193961207,0.014376469334184858,0.5483106270449282,2.388772453995587,1,"Fiberglass, Silicon, Silicon Carbide, Silica, Glass, Borosilicate Glass, Aluminosilicate Glass"
0.7892883145504931,0.16393996882811224,0.03814582630266969,0.0,0.008625890318724988,1.0101882134295004,4,"PP, PE, HDPE, LDPE, UHMWPE, PS, Adipose Tissue"
0.9803059957324993,0.0,0.0,0.0036088602232667247,0.016085144044234077,2.436978481212343,5,"Carbon Fiber, Graphite, Graphene, Diamond, Carbon Nanotubes"
0.6209974308915606,0.08452042079232842,0.21701847685675626,0.07746367145935472,0.0,1.3440181746025401,2,"Nylon 6, Nylon 6-6, Kevlar, Nomex, Polyimide, TPU"
0.6373446389608651,0.0805822608586239,0.16607070156139533,0.09798527187442757,0.018017126744688215,1.2460768918277918,2,"Nylon 6, Nylon 6-6, Kevlar, Nomex, Polyimide, TPU"
0.09029932214521989,0.11478463065093834,0.722647041420746,0.0434329292715754,0.028836076511520214,1.0864199697774604,3,"Water, Ice, Soft Tissue, Muscle"
0.0,0.09953871373466135,0.9004612862653387,0.0,0.0,0.9685624256735772,3,"Water, Ice, Soft Tissue, Muscle"
0.07431562371549479,0.12457425861774518,0.7430706610532012,0.050231953685738885,0.007807502927820047,1.0288486569239268,3,"Water, Ice, Soft Tissue, Muscle"
0.7888734363803355,0.14316001988826593,0.042270079672359434,0.025696464059039244,0.0,0.9897767355221968,4,"PP, PE, HDPE, LDPE, UHMWPE, PS, Adipose Tissue"
0.04025795311455447,0.08023550866889667,0.8795065382165488,0.0,0.0,0.9352392483806721,3,"Water, Ice, Soft Tissue, Muscle"
0.7258494404581624,0.06521746222165645,0.14321427740633477,0.0,0.06571881991384634,1.4575422598559276,0,"PVC, PET, PEEK, PTFE, PVDF, Polycarbonate, PMMA, PDMS, Silicone Rubber, Epoxy, Phenolic Resin, Carbon Fiber Epoxy, Glass Fiber Epoxy, CFRP, GFRP, Bone"
0.08060840750462461,0.09824089873077639,0.7986115362366,0.022539157527999048,0.0,1.0063477088907855,3,"Water, Ice, Soft Tissue, Muscle"
0.760890525283917,0.04579355956300341,0.14817718865939056,0.0,0.045138726493689045,1.5383634027195503,0,"PVC, PET, PEEK, PTFE, PVDF, Polycarbonate, PMMA, PDMS, Silicone Rubber, Epoxy, Phenolic Resin, Carbon Fiber Epoxy, Glass Fiber Epoxy, CFRP, GFRP, Bone"
0.8071762812368929,0.1013649389636813,0.06314584730535407,0.02442878690335684,0.003884145590714902,0.989043883724218,4,"PP, PE, HDPE, LDPE, UHMWPE, PS, Adipose Tissue"
0.8552279666444188,0.13711149124482752,0.007660542110753574,0.0,0.0,0.9607018917040996,4,"PP, PE, HDPE, LDPE, UHMWPE, PS, Adipose Tissue"
0.6746710882636621,0.05786066222344899,0.2250020032833742,0.015653144138674732,0.026813102090839893,1.4212337566410989,0,"PVC, PET, PEEK, PTFE, PVDF, Polycarbonate, PMMA, PDMS, Silicone Rubber, Epoxy, Phenolic Resin, Carbon Fiber Epoxy, Glass Fiber Epoxy, CFRP, GFRP, Bone"
1.0,0.0,0.0,0.0,0.0,2.6396869184976555,5,"Carbon Fiber, Graphite, Graphene, Diamond, Carbon Nanotubes"
0.8121720999605182,0.16641962792795068,0.0,0.0214082721115311,0.0,0.9140691301208148,4,"PP, PE, HDPE, LDPE, UHMWPE, PS, Adipose Tissue"
0.6361528982701964,0.07249968052403724,0.18837503873273936,0.10297238247302701,0.0,1.2417590792978106,2,"Nylon 6, Nylon 6-6, Kevlar, Nomex, Polyimide, TPU"
0.02979071275296143,0.0,0.4556820028526756,0.0,0.5145272843943629,2.699013406880078,1,"Fiberglass, Silicon, Silicon Carbide, Silica, Glass, Borosilicate Glass, Aluminosilicate Glass"
0.9450788425520434,0.0,0.047197366035176984,0.0,0.0077237914127795786,1.9889865236120505,5,"Carbon Fiber, Graphite, Graphene, Diamond, Carbon Nanotubes"
0.022776434418906203,0.0,0.5403970093247394,0.0,0.4368265562563543,2.4829611385236854,1,"Fiberglass, Silicon, Silicon Carbide, Silica, Glass, Borosilicate Glass, Aluminosilicate Glass"
0.6316903130711194,0.0708064918668884,0.20923536568229825,0.021861491165699364,0.06640633821399464,1.2477845137979382,0,"PVC, PET, PEEK, PTFE, PVDF, Polycarbonate, PMMA, PDMS, Silicone Rubber, Epoxy, Phenolic Resin, Carbon Fiber Epoxy, Glass Fiber Epoxy, CFRP, GFRP, Bone"
0.6181953001526527,0.07834423361064104,0.18598533734838227,0.1085433852555018,0.008931743632822127,1.2649830017536885,2,"Nylon 6, Nylon 6-6, Kevlar, Nomex, Polyimide, TPU"
0.6544657201081321,0.06789562417712196,0.15807551636515418,0.09781188362858007,0.02175125572101176,1.273210707184957,2,"Nylon 6, Nylon 6-6, Kevlar, Nomex, Polyimide, TPU"
0.08093409141080987,0.01593962527762002,0.3310507507080353,0.00969519134358044,0.5623803412599544,2.3577642904009384,1,"Fiberglass, Silicon, Silicon Carbide, Silica, Glass, Borosilicate Glass, Aluminosilicate Glass"
0.018965252971208272,0.10670015872121175,0.839484927276614,0.01151090859996352,0.023338752431002568,0.9201479488223863,3,"Water, Ice, Soft Tissue, Muscle"
0.7608033284621861,0.05754425864851429,0.1598023190426647,0.0,0.021850093846634982,1.6390247199352923,0,"PVC, PET, PEEK, PTFE, PVDF, Polycarbonate, PMMA, PDMS, Silicone Rubber, Epoxy, Phenolic Resin, Carbon Fiber Epoxy, Glass Fiber Epoxy, CFRP, GFRP, Bone"
0.7547695856600994,0.07995261610630575,0.11604956350127363,0.019411114860150434,0.029817119872170735,1.5289009103158624,0,"PVC, PET, PEEK, PTFE, PVDF, Polycarbonate, PMMA, PDMS, Silicone Rubber, Epoxy, Phenolic Resin, Carbon Fiber Epoxy, Glass Fiber Epoxy, CFRP, GFRP, Bone"
0.6332915361687554,0.054719264559640234,0.2277847223646643,0.0,0.08420447690693994,1.426050677412539,0,"PVC, PET, PEEK, PTFE, PVDF, Polycarbonate, PMMA, PDMS, Silicone Rubber, Epoxy, Phenolic Resin, Carbon Fiber Epoxy, Glass Fiber Epoxy, CFRP, GFRP, Bone"
0.6288819452103761,0.08825734891852126,0.13353162493976975,0.027575101734065417,0.1217539791972674,1.2891834579436592,0,"PVC, PET, PEEK, PTFE, PVDF, Polycarbonate, PMMA, PDMS, Silicone Rubber, Epoxy, Phenolic Resin, Carbon Fiber Epoxy, Glass Fiber Epoxy, CFRP, GFRP, Bone"
0.6158060938833952,0.06786760154081187,0.19431883242315173,0.12200747215264116,0.0,1.4066272361024337,2,"Nylon 6, Nylon 6-6, Kevlar, Nomex, Polyimide, TPU"
0.8141717436153928,0.17126832448657364,0.014559931898033533,0.0,0.0,0.8951199850636173,4,"PP, PE, HDPE, LDPE, UHMWPE, PS, Adipose Tissue"
0.6074556098919929,0.04949735865311768,0.2296913760285316,0.0,0.11335565542635787,1.5095625671579942,0,"PVC, PET, PEEK, PTFE, PVDF, Polycarbonate, PMMA, PDMS, Silicone Rubber, Epoxy, Phenolic Resin, Carbon Fiber Epoxy, Glass Fiber Epoxy, CFRP, GFRP, Bone"
0.6915475219285498,0.022758442878885482,0.19738657832427264,0.008898011556591801,0.07940944531170038,1.3750621404412258,0,"PVC, PET, PEEK, PTFE, PVDF, Polycarbonate, PMMA, PDMS, Silicone Rubber, Epoxy, Phenolic Resin, Carbon Fiber Epoxy, Glass Fiber Epoxy, CFRP, GFRP, Bone"
0.07080049706585706,0.0,0.36754105708081036,0.0,0.5616584458533326,2.7424004920433545,1,"Fiberglass, Silicon, Silicon Carbide, Silica, Glass, Borosilicate Glass, Aluminosilicate Glass"
0.020096721613867604,0.0,0.5332374779671692,0.01431211047273175,0.4323536899462315,2.51509101759518,1,"Fiberglass, Silicon, Silicon Carbide, Silica, Glass, Borosilicate Glass, Aluminosilicate Glass"
0.0,0.0,0.4632832574345365,0.0,0.5367167425654634,2.4192223133856743,1,"Fiberglass, Silicon, Silicon Carbide, Silica, Glass, Borosilicate Glass, Aluminosilicate Glass"
0.8318036614304243,0.11717287243423836,0.0334211966094107,0.0,0.0176022695259268,0.952770069213338,4,"PP, PE, HDPE, LDPE, UHMWPE, PS, Adipose Tissue"
0.6499455081722657,0.044425561668177634,0.17306947561397837,0.09205455655490619,0.04050489799067204,1.3848369178204374,2,"Nylon 6, Nylon 6-6, Kevlar, Nomex, Polyimide, TPU"
0.924921778524746,0.019654248809291116,0.020242427765465414,0.012535772191631414,0.022645772708866155,2.3949132615011712,5,"Carbon Fiber, Graphite, Graphene, Diamond, Carbon Nanotubes"
0.998057608475859,0.0,0.0019423915241409153,0.0,0.0,2.035977252941182,5,"Carbon Fiber, Graphite, Graphene, Diamond, Carbon Nanotubes"
0.7490200517487168,0.13346850128270235,0.11751144696858103,0.0,0.0,0.9363017365080252,4,"PP, PE, HDPE, LDPE, UHMWPE, PS, Adipose Tissue"
0.6992147000959942,0.10809725370301414,0.14184110890458773,0.0,0.05084693729640396,0.9213778929564079,4,"PP, PE, HDPE, LDPE, UHMWPE, PS, Adipose Tissue"
0.8846103287464285,0.08719655406820989,0.028193117185361563,0.0,0.0,0.9724820595694175,4,"PP, PE, HDPE, LDPE, UHMWPE, PS, Adipose Tissue"
0.02939655361625467,0.12214402651572484,0.7705280033226874,0.0508638161962543,0.027067600349078597,0.9671002413049208,3,"Water, Ice, Soft Tissue, Muscle"
0.9783444153055801,0.019611707784118703,0.0,0.0,0.0020438769103009345,2.2857937006333207,5,"Carbon Fiber, Graphite, Graphene, Diamond, Carbon Nanotubes"
0.6298507580705055,0.06640136366719536,0.20974291361557237,0.09400496464672675,0.0,1.3836223076579668,2,"Nylon 6, Nylon 6-6, Kevlar, Nomex, Polyimide, TPU"
0.12686608960376375,0.07560528833625714,0.7719064758223422,0.025622146237637092,0.0,1.0784338726736156,3,"Water, Ice, Soft Tissue, Muscle"
0.9449566707908018,0.011266735386205316,0.0334217126694188,0.0,0.010354881153574105,2.0740658113908785,5,"Carbon Fiber, Graphite, Graphene, Diamond, Carbon Nanotubes"
0.6174238985428219,0.10978255860562258,0.16742943172022867,0.10536411113132696,0.0,1.2941816814784877,2,"Nylon 6, Nylon 6-6, Kevlar, Nomex, Polyimide, TPU"
0.08306612669945396,0.09409312861053545,0.7561731282449059,0.05871928169364574,0.00794833475145889,0.966728407816315,3,"Water, Ice, Soft Tissue, Muscle"
0.9707874453201506,0.0,0.02921255467984938,0.0,0.0,2.0395948592477837,5,"Carbon Fiber, Graphite, Graphene, Diamond, Carbon Nanotubes"
0.02451034096035797,0.0823939201427281,0.8576060797314294,0.03172041845283453,0.0037692407126498936,1.016751503525702,3,"Water, Ice, Soft Tissue, Muscle"
0.013927139061522237,0.08960028757467245,0.8596744120114936,0.03679816135231173,0.0,0.9815538014933769,3,"Water, Ice, Soft Tissue, Muscle"
0.09154905078696142,0.11857264520406761,0.789878304008971,0.0,0.0,1.0463663495122826,3,"Water, Ice, Soft Tissue, Muscle"
0.6022524745151111,0.04441097604171848,0.21619285752951073,0.035977392448883955,0.10116629946477582,1.6586070757442257,0,"PVC, PET, PEEK, PTFE, PVDF, Polycarbonate, PMMA, PDMS, Silicone Rubber, Epoxy, Phenolic Resin, Carbon Fiber Epoxy, Glass Fiber Epoxy, CFRP, GFRP, Bone"
0.9520731144704763,0.004864106686211286,0.0,0.024738779502152076,0.01832399934116039,2.6661059489056185,5,"Carbon Fiber, Graphite, Graphene, Diamond, Carbon Nanotubes"
0.03782798466107586,0.11187484259635215,0.8502971727425721,0.0,0.0,0.9615425258679342,3,"Water, Ice, Soft Tissue, Muscle"
0.6625174218970658,0.09334936820187734,0.20737072832798972,0.0,0.036762481573067156,1.424281905581137,0,"PVC, PET, PEEK, PTFE, PVDF, Polycarbonate, PMMA, PDMS, Silicone Rubber, Epoxy, Phenolic Resin, Carbon Fiber Epoxy, Glass Fiber Epoxy, CFRP, GFRP, Bone"
0.0007969708571180237,0.09069723886903128,0.8666202078746928,0.017481293700917153,0.02440428869824074,1.0457469072900514,3,"Water, Ice, Soft Tissue, Muscle"
0.05034976856678274,0.03603795523061284,0.4134201862224178,0.0,0.5001920899801867,2.7973780911626056,1,"Fiberglass, Silicon, Silicon Carbide, Silica, Glass, Borosilicate Glass, Aluminosilicate Glass"
0.1118749676817171,0.08844646608151614,0.7834076106568764,0.016270955579890566,0.0,1.0205564336040311,3,"Water, Ice, Soft Tissue, Muscle"
0.6508732526656325,0.0966492529242449,0.15664933305629672,0.09354941721897712,0.00227874413484882,1.2524493410844717,2,"Nylon 6, Nylon 6-6, Kevlar, Nomex, Polyimide, TPU"
0.08045379834099961,0.06861020767035338,0.8268394139900873,0.024096579998559704,0.0,0.9807624227963176,3,"Water, Ice, Soft Tissue, Muscle"
0.6061768735485277,0.09302727157170955,0.19807175652886855,0.007864941519388852,0.09485915683150532,1.314451986294233,0,"PVC, PET, PEEK, PTFE, PVDF, Polycarbonate, PMMA, PDMS, Silicone Rubber, Epoxy, Phenolic Resin, Carbon Fiber Epoxy, Glass Fiber Epoxy, CFRP, GFRP, Bone"
0.07126337653491364,0.12338318311506001,0.7937854112332704,0.011568029116755847,0.0,1.0019488271889274,3,"Water, Ice, Soft Tissue, Muscle"
0.12766458079056914,0.004824317450233179,0.3282462423028436,0.02250931842983086,0.5167555410265233,2.736516255180846,1,"Fiberglass, Silicon, Silicon Carbide, Silica, Glass, Borosilicate Glass, Aluminosilicate Glass"
0.6290211540397133,0.0568858036992539,0.16615870893725787,0.13163486517756154,0.01629946814621345,1.2524572268241767,2,"Nylon 6, Nylon 6-6, Kevlar, Nomex, Polyimide, TPU"
0.06251477877773057,0.12020362151398138,0.8172815997082881,0.0,0.0,1.114023482427102,3,"Water, Ice, Soft Tissue, Muscle"
0.049991935099071134,0.024801159210834887,0.4519210003038064,0.0,0.4732859053862877,2.219730417215229,1,"Fiberglass, Silicon, Silicon Carbide, Silica, Glass, Borosilicate Glass, Aluminosilicate Glass"
0.713963992491502,0.05998589606848911,0.1300161241181374,0.0,0.09603398732187156,1.4778495173385584,0,"PVC, PET, PEEK, PTFE, PVDF, Polycarbonate, PMMA, PDMS, Silicone Rubber, Epoxy, Phenolic Resin, Carbon Fiber Epoxy, Glass Fiber Epoxy, CFRP, GFRP, Bone"
0.02524372313893862,0.06191491234427857,0.880387574684521,0.01272979624369201,0.01972399358856988,0.9496932878772711,3,"Water, Ice, Soft Tissue, Muscle"
0.9842141064452342,0.0010859474558279822,0.01469994609893778,0.0,0.0,2.4066326947102454,5,"Carbon Fiber, Graphite, Graphene, Diamond, Carbon Nanotubes"
0.6294130872714446,0.06852546871796691,0.2106022055548935,0.01746812607062151,0.07399111238507343,1.5895301291336639,0,"PVC, PET, PEEK, PTFE, PVDF, Polycarbonate, PMMA, PDMS, Silicone Rubber, Epoxy, Phenolic Resin, Carbon Fiber Epoxy, Glass Fiber Epoxy, CFRP, GFRP, Bone"
0.09760930895571292,0.10679126263710269,0.7752754015980081,0.0014095313202555136,0.018914495488920748,1.0059444483792768,3,"Water, Ice, Soft Tissue, Muscle"
0.8445301160005537,0.14953705130226597,0.0,0.0,0.005932832697180384,0.9304627771095973,4,"PP, PE, HDPE, LDPE, UHMWPE, PS, Adipose Tissue"
0.6712756769812194,0.06817923106391485,0.18618869319320036,0.0,0.07435639876166537,1.5219202633777278,0,"PVC, PET, PEEK, PTFE, PVDF, Polycarbonate, PMMA, PDMS, Silicone Rubber, Epoxy, Phenolic Resin, Carbon Fiber Epoxy, Glass Fiber Epoxy, CFRP, GFRP, Bone"
0.10269513790272103,0.10197732606144705,0.7883649086512603,0.00696262738457155,0.0,0.9765848790633969,3,"Water, Ice, Soft Tissue, Muscle"
0.6220761030895566,0.044837707857102775,0.20701702898028498,0.11758733358843455,0.008481826484620975,1.4504655394044284,2,"Nylon 6, Nylon 6-6, Kevlar, Nomex, Polyimide, TPU"
0.8473294704167426,0.15100049499293533,0.0,0.0,0.0016700345903221294,0.9415915066515288,4,"PP, PE, HDPE, LDPE, UHMWPE, PS, Adipose Tissue"
0.07557345481152344,0.09664236549069385,0.7861037506563983,0.006676387542686425,0.03500404149869798,0.9653953778791428,3,"Water, Ice, Soft Tissue, Muscle"
0.03241498444500565,0.12673536067145463,0.8348408290291907,0.0,0.006008825854349037,0.959021172518418,3,"Water, Ice, Soft Tissue, Muscle"
0.0,0.008653375259726669,0.5200443535782874,0.01201649465447386,0.4592857765075121,2.437624396238615,1,"Fiberglass, Silicon, Silicon Carbide, Silica, Glass, Borosilicate Glass, Aluminosilicate Glass"
0.9984530293085089,0.0,0.0015469706914911488,0.0,0.0,2.5157096795678062,5,"Carbon Fiber, Graphite, Graphene, Diamond, Carbon Nanotubes"
0.09923074441611529,0.12103933598002894,0.7567592222092193,0.02297069739463628,0.0,0.973959247637955,3,"Water, Ice, Soft Tissue, Muscle"
1.0,0.0,0.0,0.0,0.0,2.0823675250739475,5,"Carbon Fiber, Graphite, Graphene, Diamond, Carbon Nanotubes"
0.03503276589750368,0.11066307755846476,0.8399070829413016,0.014397073602730038,0.0,1.0020620424087971,3,"Water, Ice, Soft Tissue, Muscle"
0.6390021239510764,0.0735796310864999,0.1744812372878404,0.009106786011169895,0.10383022166341341,1.5532519315008015,0,"PVC, PET, PEEK, PTFE, PVDF, Polycarbonate, PMMA, PDMS, Silicone Rubber, Epoxy, Phenolic Resin, Carbon Fiber Epoxy, Glass Fiber Epoxy, CFRP, GFRP, Bone"
0.08273221647036964,0.10810310102699625,0.7869711724486599,0.0,0.0221935100539742,0.9521359626300925,3,"Water, Ice, Soft Tissue, Muscle"
0.6589706113253676,0.03212524236222569,0.20513505741160387,0.09410908611694849,0.009660002783854458,1.3733101351801842,2,"Nylon 6, Nylon 6-6, Kevlar, Nomex, Polyimide, TPU"
0.771209635722335,0.04488770874569554,0.14015479773837508,0.010364384393793957,0.033383473399800384,1.6080399092738409,0,"PVC, PET, PEEK, PTFE, PVDF, Polycarbonate, PMMA, PDMS, Silicone Rubber, Epoxy, Phenolic Resin, Carbon Fiber Epoxy, Glass Fiber Epoxy, CFRP, GFRP, Bone"
0.6588461010289124,0.06889729198475072,0.15255623876991214,0.11970036821642474,0.0,1.2260162901123601,2,"Nylon 6, Nylon 6-6, Kevlar, Nomex, Polyimide, TPU"
0.738909911607979,0.13134394882855704,0.129746139563464,0.0,0.0,0.894503481234435,4,"PP, PE, HDPE, LDPE, UHMWPE, PS, Adipose Tissue"
0.6599122928176654,0.09112187720313834,0.18498487082377071,0.024938786991253736,0.039042172164171884,1.340143976816068,0,"PVC, PET, PEEK, PTFE, PVDF, Polycarbonate, PMMA, PDMS, Silicone Rubber, Epoxy, Phenolic Resin, Carbon Fiber Epoxy, Glass Fiber Epoxy, CFRP, GFRP, Bone"
0.6452230971920021,0.0642628129718689,0.17323364533076743,0.11407369997732911,0.0032067445280325345,1.2092230524843681,2,"Nylon 6, Nylon 6-6, Kevlar, Nomex, Polyimide, TPU"
0.665936988330017,0.10518987357658988,0.15101625774785055,0.07785688034554256,0.0,1.1963104453067346,2,"Nylon 6, Nylon 6-6, Kevlar, Nomex, Polyimide, TPU"
0.5755179340833839,0.06206107033092753,0.21369992517112035,0.0337222030026152,0.11499886741195309,1.4114370364532134,0,"PVC, PET, PEEK, PTFE, PVDF, Polycarbonate, PMMA, PDMS, Silicone Rubber, Epoxy, Phenolic Resin, Carbon Fiber Epoxy, Glass Fiber Epoxy, CFRP, GFRP, Bone"
0.9616643909375596,0.00027679418806863794,0.026146605963278956,0.011912208911092573,0.0,2.8766032641746704,5,"Carbon Fiber, Graphite, Graphene, Diamond, Carbon Nanotubes"
0.03054144480758931,0.022596817008599595,0.38539919636506137,0.046539335271360484,0.5149232065473893,2.381831227849646,1,"Fiberglass, Silicon, Silicon Carbide, Silica, Glass, Borosilicate Glass, Aluminosilicate Glass"
0.8604200625052238,0.11854605547360278,0.0,0.021033882021173303,0.0,0.8925835193085446,4,"PP, PE, HDPE, LDPE, UHMWPE, PS, Adipose Tissue"
0.10468361594906848,0.0,0.3557305997481691,0.0,0.5395857843027624,2.7518300377846483,1,"Fiberglass, Silicon, Silicon Carbide, Silica, Glass, Borosilicate Glass, Aluminosilicate Glass"
0.8820001269910422,0.088890778896215,0.029109094112742796,0.0,0.0,0.946641128117498,4,"PP, PE, HDPE, LDPE, UHMWPE, PS, Adipose Tissue"
0.13649383839571838,0.08594412965024666,0.7687467219552447,0.008815309998790186,0.0,1.068416824329921,3,"Water, Ice, Soft Tissue, Muscle"
0.9651908543459132,0.01063267485927321,0.0,0.02417647079481344,0.0,2.671747856616579,5,"Carbon Fiber, Graphite, Graphene, Diamond, Carbon Nanotubes"
0.7444057258289845,0.1226912376010233,0.10944447651564357,0.023458560054348793,0.0,0.9986393164444032,4,"PP, PE, HDPE, LDPE, UHMWPE, PS, Adipose Tissue"
0.7757019330889142,0.06546703313288564,0.12965716162892485,0.01946445568452395,0.009709416464751198,1.6708530780995632,0,"PVC, PET, PEEK, PTFE, PVDF, Polycarbonate, PMMA, PDMS, Silicone Rubber, Epoxy, Phenolic Resin, Carbon Fiber Epoxy, Glass Fiber Epoxy, CFRP, GFRP, Bone"
0.933094446511428,0.0,0.03881658283368597,0.003645013198548059,0.024443957456338115,1.7174733657993886,5,"Carbon Fiber, Graphite, Graphene, Diamond, Carbon Nanotubes"
0.6741826624134972,0.08626595102582212,0.23955138656068076,0.0,0.0,1.4140014488670214,0,"PVC, PET, PEEK, PTFE, PVDF, Polycarbonate, PMMA, PDMS, Silicone Rubber, Epoxy, Phenolic Resin, Carbon Fiber Epoxy, Glass Fiber Epoxy, CFRP, GFRP, Bone"
0.5820424586390509,0.06909965517688708,0.1965423908916623,0.0,0.15231549529239966,1.449239756229473,0,"PVC, PET, PEEK, PTFE, PVDF, Polycarbonate, PMMA, PDMS, Silicone Rubber, Epoxy, Phenolic Resin, Carbon Fiber Epoxy, Glass Fiber Epoxy, CFRP, GFRP, Bone"
0.0028847837167944247,0.00047363911628435366,0.5403457341834339,0.0,0.4562958429834873,2.302731330623559,1,"Fiberglass, Silicon, Silicon Carbide, Silica, Glass, Borosilicate Glass, Aluminosilicate Glass"
0.1180302415817257,0.0,0.30564531491838187,0.008382733159812906,0.5679417103400795,2.6024267044183707,1,"Fiberglass, Silicon, Silicon Carbide, Silica, Glass, Borosilicate Glass, Aluminosilicate Glass"
0.8229231563996994,0.13332327412598252,0.027158383390447967,0.016595186083870193,0.0,0.9128882173803033,4,"PP, PE, HDPE, LDPE, UHMWPE, PS, Adipose Tissue"
0.7968480821353835,0.13284499480699583,0.06367926695872833,0.006627656098892393,0.0,0.9459966939502865,4,"PP, PE, HDPE, LDPE, UHMWPE, PS, Adipose Tissue"
0.8193256316322168,0.11619563334691792,0.0644787350208653,0.0,0.0,0.9855815878763775,4,"PP, PE, HDPE, LDPE, UHMWPE, PS, Adipose Tissue"
0.6286025394813963,0.07524131174396584,0.1546614500686159,0.11440037190175295,0.027094326804268917,1.1832241218469342,2,"Nylon 6, Nylon 6-6, Kevlar, Nomex, Polyimide, TPU"
0.6523308914124012,0.07589908787163584,0.12973742474322172,0.13201971865201015,0.01001287732073115,1.2102502242789406,2,"Nylon 6, Nylon 6-6, Kevlar, Nomex, Polyimide, TPU"
0.6591598211831611,0.04807830055870567,0.1886020208734143,0.10415985738471911,0.0,1.3609078352712136,2,"Nylon 6, Nylon 6-6, Kevlar, Nomex, Polyimide, TPU"
0.6317254858821697,0.06220401191369271,0.19277917053146074,0.11329133167267683,0.0,1.2468405575647417,2,"Nylon 6, Nylon 6-6, Kevlar, Nomex, Polyimide, TPU"
0.04692193804832052,0.09001314396941816,0.8431959001906457,0.019869017791615526,0.0,1.0292683631725337,3,"Water, Ice, Soft Tissue, Muscle"
0.9476280987642561,0.02187875986184432,0.011235707014255102,0.019257434359644287,0.0,1.9610352368364685,5,"Carbon Fiber, Graphite, Graphene, Diamond, Carbon Nanotubes"
0.021156761823073994,0.10401094031062845,0.8664194809028688,0.0,0.00841281696342878,1.043583333879029,3,"Water, Ice, Soft Tissue, Muscle"
0.8207290176745822,0.14569361136432238,0.03357737096109542,0.0,0.0,0.9454177072816933,4,"PP, PE, HDPE, LDPE, UHMWPE, PS, Adipose Tissue"
0.8281584497332005,0.03500371393802194,0.08316722225311582,0.002764067956139212,0.05090654611952257,1.5948087105934483,0,"PVC, PET, PEEK, PTFE, PVDF, Polycarbonate, PMMA, PDMS, Silicone Rubber, Epoxy, Phenolic Resin, Carbon Fiber Epoxy, Glass Fiber Epoxy, CFRP, GFRP, Bone"
0.627911606410616,0.08008264192444442,0.19748891132106008,0.06183133570670271,0.03268550463717682,1.3072247985469714,2,"Nylon 6, Nylon 6-6, Kevlar, Nomex, Polyimide, TPU"
0.6873138509858497,0.04003561253879815,0.223193600106445,0.0,0.04945693636890713,1.4784498511416584,0,"PVC, PET, PEEK, PTFE, PVDF, Polycarbonate, PMMA, PDMS, Silicone Rubber, Epoxy, Phenolic Resin, Carbon Fiber Epoxy, Glass Fiber Epoxy, CFRP, GFRP, Bone"
0.6489753223418643,0.06425543471017242,0.16443278478692347,0.0,0.12233645816103986,1.4243858929349336,0,"PVC, PET, PEEK, PTFE, PVDF, Polycarbonate, PMMA, PDMS, Silicone Rubber, Epoxy, Phenolic Resin, Carbon Fiber Epoxy, Glass Fiber Epoxy, CFRP, GFRP, Bone"
0.06540028816797133,0.00937988002005159,0.3760245172206421,0.0,0.5491953145913349,2.4264231560498417,1,"Fiberglass, Silicon, Silicon Carbide, Silica, Glass, Borosilicate Glass, Aluminosilicate Glass"
0.9500334766935317,0.002870056172734705,0.034441930816587106,0.005475418256100578,0.007179118061046073,2.302402712133351,5,"Carbon Fiber, Graphite, Graphene, Diamond, Carbon Nanotubes"
0.8590782887753404,0.13387837176492517,0.0,0.004141593573349245,0.0029017458863850286,0.9446876628712803,4,"PP, PE, HDPE, LDPE, UHMWPE, PS, Adipose Tissue"
0.6790566738338455,0.04750786378533129,0.1394708774724994,0.13396458490832377,0.0,1.4104481331591192,2,"Nylon 6, Nylon 6-6, Kevlar, Nomex, Polyimide, TPU"
0.6021838890207907,0.06495452629571391,0.22526250087291982,0.10759908381057566,0.0,1.115826522359249,2,"Nylon 6, Nylon 6-6, Kevlar, Nomex, Polyimide, TPU"
0.959199305587236,0.024735595856785784,0.009259475398656597,0.006805623157321646,0.0,1.8713098844929876,5,"Carbon Fiber, Graphite, Graphene, Diamond, Carbon Nanotubes"
0.06882178590543418,0.07293267688699838,0.7510526147613539,0.07792361528138006,0.029269307164833523,1.0441550828912112,3,"Water, Ice, Soft Tissue, Muscle"
0.08165995028385911,0.0,0.3140344667261802,0.0,0.6043055829899606,2.716438129298304,1,"Fiberglass, Silicon, Silicon Carbide, Silica, Glass, Borosilicate Glass, Aluminosilicate Glass"
0.10898247430287196,0.10984294827329277,0.7292821263541035,0.04510877385610363,0.0067836772136281795,0.9167774795780345,3,"Water, Ice, Soft Tissue, Muscle"
0.07603142731022132,0.0,0.4162834939724597,0.028671007844156004,0.4790140708731631,2.472349950080986,1,"Fiberglass, Silicon, Silicon Carbide, Silica, Glass, Borosilicate Glass, Aluminosilicate Glass"
0.6229631755972411,0.09204799407205912,0.16712094328500188,0.11786788704569785,0.0,1.3154301083416093,2,"Nylon 6, Nylon 6-6, Kevlar, Nomex, Polyimide, TPU"
0.617448377792183,0.07244019658270215,0.19510479351613538,0.10006366982934334,0.014942962279636231,1.1685227125340876,2,"Nylon 6, Nylon 6-6, Kevlar, Nomex, Polyimide, TPU"
0.9806551586299803,0.00038511896146702193,0.0,0.018959722408552784,0.0,1.906432530664679,5,"Carbon Fiber, Graphite, Graphene, Diamond, Carbon Nanotubes"
0.03711519635604263,0.10070190437987189,0.8357393656159862,0.026443533648099257,0.0,1.0261299295062312,3,"Water, Ice, Soft Tissue, Muscle"
0.9661200226248465,0.02454771369477679,0.008335314085591353,0.0009969495947852337,0.0,1.9889691675095813,5,"Carbon Fiber, Graphite, Graphene, Diamond, Carbon Nanotubes"
0.7016377351258876,0.04555146364399359,0.18421998005853443,0.0,0.06859082117158459,1.483220572878916,0,"PVC, PET, PEEK, PTFE, PVDF, Polycarbonate, PMMA, PDMS, Silicone Rubber, Epoxy, Phenolic Resin, Carbon Fiber Epoxy, Glass Fiber Epoxy, CFRP, GFRP, Bone"
0.057868754137626016,0.09932075808556141,0.8117877178332756,0.031022769943536845,0.0,1.0068768519507971,3,"Water, Ice, Soft Tissue, Muscle"
0.05899239807520437,0.02574732266893526,0.3454697783675863,0.01016784920884176,0.5596226516794323,2.665378488993292,1,"Fiberglass, Silicon, Silicon Carbide, Silica, Glass, Borosilicate Glass, Aluminosilicate Glass"
0.6443091707809525,0.058141887683009236,0.18129083847464933,0.11197056965652556,0.004287533404863483,1.253780651620566,2,"Nylon 6, Nylon 6-6, Kevlar, Nomex, Polyimide, TPU"
0.6366817479411466,0.03714305807693339,0.23206221548696715,0.01988314727869503,0.07422983121625784,1.3523903410173237,0,"PVC, PET, PEEK, PTFE, PVDF, Polycarbonate, PMMA, PDMS, Silicone Rubber, Epoxy, Phenolic Resin, Carbon Fiber Epoxy, Glass Fiber Epoxy, CFRP, GFRP, Bone"
0.0,0.10189633651185934,0.8981036634881407,0.0,0.0,1.0648708121318575,3,"Water, Ice, Soft Tissue, Muscle"
0.11452736920981584,0.0,0.22902143331646324,0.0,0.6564511974737209,2.8413516298238846,1,"Fiberglass, Silicon, Silicon Carbide, Silica, Glass, Borosilicate Glass, Aluminosilicate Glass"
0.6461090959916214,0.06466884165489871,0.1631389946424953,0.12608306771098463,0.0,1.2771605942019721,2,"Nylon 6, Nylon 6-6, Kevlar, Nomex, Polyimide, TPU"
0.640873290891949,0.08909906940091056,0.1528434761625538,0.11122467912716831,0.005959484417418289,1.2463125468359988,2,"Nylon 6, Nylon 6-6, Kevlar, Nomex, Polyimide, TPU"
0.1095772419163569,0.07924814256092558,0.8111746155227175,0.0,0.0,1.0375372551535431,3,"Water, Ice, Soft Tissue, Muscle"
0.8013838333356584,0.045847502337876905,0.09387431263807748,0.04348644679218491,0.015407904896202286,1.6775964514806938,0,"PVC, PET, PEEK, PTFE, PVDF, Polycarbonate, PMMA, PDMS, Silicone Rubber, Epoxy, Phenolic Resin, Carbon Fiber Epoxy, Glass Fiber Epoxy, CFRP, GFRP, Bone"
0.7216881303776493,0.08149058675303875,0.16250478178724864,0.029306662896009136,0.005009838186054104,1.5272817397164455,0,"PVC, PET, PEEK, PTFE, PVDF, Polycarbonate, PMMA, PDMS, Silicone Rubber, Epoxy, Phenolic Resin, Carbon Fiber Epoxy, Glass Fiber Epoxy, CFRP, GFRP, Bone"
0.8556349371681515,0.12286324199407359,0.02150182083777488,0.0,0.0,0.9839224690184706,4,"PP, PE, HDPE, LDPE, UHMWPE, PS, Adipose Tissue"
0.05345607944356554,0.09421632232230828,0.787256101519577,0.05067069577284648,0.014400800941702515,1.1226800838534565,3,"Water, Ice, Soft Tissue, Muscle"
0.991774999059892,0.0,0.008225000940108083,0.0,0.0,1.9559618767317435,5,"Carbon Fiber, Graphite, Graphene, Diamond, Carbon Nanotubes"
0.6231469361385761,0.1067857471399527,0.19147437227281872,0.0,0.07859294444865236,1.4573755093950145,0,"PVC, PET, PEEK, PTFE, PVDF, Polycarbonate, PMMA, PDMS, Silicone Rubber, Epoxy, Phenolic Resin, Carbon Fiber Epoxy, Glass Fiber Epoxy, CFRP, GFRP, Bone"
0.626461249758625,0.08286047767366586,0.17557768600511456,0.09823643671992519,0.016864149842669488,1.2856619971890626,2,"Nylon 6, Nylon 6-6, Kevlar, Nomex, Polyimide, TPU"
0.6971408736237431,0.06238971633975204,0.17812176895642823,0.009628743350118924,0.05271889772995776,1.5263166497925236,0,"PVC, PET, PEEK, PTFE, PVDF, Polycarbonate, PMMA, PDMS, Silicone Rubber, Epoxy, Phenolic Resin, Carbon Fiber Epoxy, Glass Fiber Epoxy, CFRP, GFRP, Bone"
0.05639119079746285,0.13582641370652893,0.7817282276961043,0.026054167799903976,0.0,0.9811961931994443,3,"Water, Ice, Soft Tissue, Muscle"
0.9269826823538052,0.031863954616162336,0.041153363030032336,0.0,0.0,1.9766481499296191,5,"Carbon Fiber, Graphite, Graphene, Diamond, Carbon Nanotubes"
0.6145810418848323,0.08019383648346368,0.19377087299558166,0.11145424863612222,0.0,1.2288619427645178,2,"Nylon 6, Nylon 6-6, Kevlar, Nomex, Polyimide, TPU"
0.07724686717068864,0.016095416426140888,0.38995998619747824,0.0,0.5166977302056922,2.7462322494480587,1,"Fiberglass, Silicon, Silicon Carbide, Silica, Glass, Borosilicate Glass, Aluminosilicate Glass"
0.06354283966874026,0.1021827083356833,0.7741771476925159,0.03937254870676205,0.020724755596298473,1.041676438525349,3,"Water, Ice, Soft Tissue, Muscle"
